ensembl,log2FC_tumor_vs_normal,AUC,AUC_disc,pval,mean_logCPM_tumor,FDR,symbol,gene_type
ENSG00000145864,4.588360184842284,0.9773663964830334,0.9773663964830334,1.0159655357555424e-32,5.0724566611632635,8.091149526757139e-29,GABRB2,protein-coding
ENSG00000143196,-4.063414127776528,0.02534688830883363,0.9746531116911663,2.2834274308882453e-32,1.7512562525989157,1.0242278850307212e-28,DPT,protein-coding
ENSG00000162981,2.170330102688415,0.9738975133946971,0.9738975133946971,2.859264102467756e-32,4.206499112391458,1.0242278850307212e-28,LRATD1,protein-coding
ENSG00000262772,0.7908223103424439,0.9735025415579063,0.9735025415579063,3.215180452758417e-32,0.889925958644324,1.0242278850307212e-28,LINC01977,
ENSG00000147257,-2.72039816004672,0.027544992444017036,0.972455007555983,4.3870298493219846e-32,0.9507277181819822,1.164610190666676e-28,GPC3,protein-coding
ENSG00000189056,-2.749348078431744,0.029056189036955626,0.9709438109630444,6.860130506685792e-32,0.6728515420860736,1.3658519838811412e-28,RELN,protein-coding
ENSG00000162873,3.7292913772946097,0.9702569034207995,0.9702569034207995,8.402325344466202e-32,4.553743738041015,1.4512691823230074e-28,KLHDC8A,protein-coding
ENSG00000160180,-5.557359465186634,0.030017859596098366,0.9699821404039016,9.111433841806928e-32,3.467475165626208,1.4512691823230074e-28,TFF3,protein-coding
ENSG00000168528,1.72951023223405,0.9690891605989834,0.9690891605989834,1.1852369740460029e-31,6.687349614238208,1.716223138418612e-28,SERINC2,protein-coding
ENSG00000147883,1.7760567536262797,0.9667193295782388,0.9667193295782388,2.3762112064901755e-31,2.7619218582863416,2.933762609533226e-28,CDKN2B,protein-coding
ENSG00000105327,1.6643096945353497,0.966616293446902,0.966616293446902,2.4489771359473766e-31,3.4252618294799624,2.933762609533226e-28,BBC3,protein-coding
ENSG00000184489,1.7777855546641925,0.9662384942986674,0.9662384942986674,2.735221717794631e-31,5.016956443345905,2.933762609533226e-28,PTP4A3,protein-coding
ENSG00000153246,-3.326465913515627,0.03379585107844484,0.9662041489215552,2.762835204859266e-31,3.6855414891164,2.933762609533226e-28,PLA2R1,protein-coding
ENSG00000260912,1.2445976709177615,0.965311169116637,0.965311169116637,3.5864712961285447e-31,2.9346443822831523,3.1611222805428444e-28,,
ENSG00000174307,1.7571334054070422,0.9651394422310757,0.9651394422310757,3.7708013140578886e-31,5.605593353806859,3.1611222805428444e-28,PHLDA3,protein-coding
ENSG00000064270,-2.657534647600381,0.0348605577689243,0.9651394422310757,3.7708013140578886e-31,1.6610504191091615,3.1611222805428444e-28,ATP2C2,protein-coding
ENSG00000113361,2.399419890719667,0.9639030086550351,0.9639030086550351,5.406511756823514e-31,4.534542045183351,4.033457433071091e-28,CDH6,protein-coding
ENSG00000074706,-3.736569732291822,0.036165682099189446,0.9638343179008105,5.515674664113327e-31,2.7764259887891116,4.033457433071091e-28,IPCEF1,protein-coding
ENSG00000072682,1.7523696204007386,0.9637999725236983,0.9637999725236983,5.571073802584379e-31,5.787441427382589,4.033457433071091e-28,P4HA2,protein-coding
ENSG00000100784,-1.5911243534987185,0.036852589641434265,0.9631474103585658,6.73509696599899e-31,2.12130700037182,4.380368597706542e-28,RPS6KA5,protein-coding
ENSG00000198626,-3.354564915825218,0.036852589641434265,0.9631474103585658,6.73509696599899e-31,1.7004931256366127,4.380368597706542e-28,RYR2,protein-coding
ENSG00000006625,1.7672089263657464,0.963044374227229,0.963044374227229,6.939764063001914e-31,5.442928359956248,4.380368597706542e-28,GGCT,protein-coding
ENSG00000168702,-3.6121534930340724,0.037058661904107705,0.9629413380958922,7.150275209716855e-31,1.284516945067905,4.380368597706542e-28,LRP1B,protein-coding
ENSG00000138722,-3.141848428127041,0.03743646105234236,0.9625635389476577,7.979536343612378e-31,1.7465785067367487,4.70733536596511e-28,MMRN1,protein-coding
ENSG00000271367,-1.0911911261971636,0.037882950954801486,0.9621170490451985,9.0811447396396e-31,0.24051102267956048,5.165874050463556e-28,,
ENSG00000160181,-1.09217261093613,0.037882950954801486,0.9621170490451985,3.211910746264591e-33,0.1373010387433771,5.115931436650241e-29,TFF2,protein-coding
ENSG00000136011,-1.4080181320145284,0.03911938453084215,0.9608806154691578,1.298633347790277e-30,0.2964569039602502,6.672461923743075e-28,STAB2,protein-coding
ENSG00000196666,-1.5846246851092225,0.03925676603929111,0.9607432339607089,1.2121091331582224e-30,0.2951442157066914,6.435491424314721e-28,FAM180B,protein-coding
ENSG00000133800,-2.6956932198369365,0.039531529056189035,0.9604684709438109,1.4636576193481238e-30,1.4679595585901926,7.2061772918035865e-28,LYVE1,protein-coding
ENSG00000119655,2.2762304325262868,0.9603997801895865,0.9603997801895865,1.4929925328322347e-30,10.19001005710587,7.2061772918035865e-28,NPC2,protein-coding
ENSG00000111262,-1.6572550963958648,0.03970325594175024,0.9602967440582497,3.6451287995602892e-31,0.18257416284116756,3.1611222805428444e-28,KCNA1,protein-coding
ENSG00000072041,-0.8383324156159888,0.04045885423821954,0.9595411457617804,5.643573069108025e-32,0.07237274757731968,1.2841547406393232e-28,SLC6A15,protein-coding
ENSG00000141858,1.038464386476246,0.9595068003846682,0.9595068003846682,1.931871038189938e-30,4.86838162122066,8.632512909919233e-28,SAMD1,protein-coding
ENSG00000277363,2.498138754792837,0.959472455007556,0.959472455007556,1.9510953337336288e-30,3.7815176383584546,8.632512909919233e-28,SRCIN1,protein-coding
ENSG00000213759,-0.803437547727848,0.041008380272015386,0.9589916197279846,1.8472958388816748e-30,0.1098781070986387,8.632512909919233e-28,UGT2B11,protein-coding
ENSG00000153823,-1.9419629162921832,0.041008380272015386,0.9589916197279846,2.2410433210756226e-30,0.9318695181517264,9.647388653538518e-28,PID1,protein-coding
ENSG00000109832,-1.6145123387132791,0.041111416403352107,0.9588885835966479,2.30853319668915e-30,0.922499877447147,9.676399146543363e-28,DDX25,protein-coding
ENSG00000145681,1.2774191624461175,0.9585107844484132,0.9585107844484132,2.5619996354926045e-30,1.379519880888085,1.046346928054518e-27,HAPLN1,protein-coding
ENSG00000170439,3.3871022857778983,0.9579956037917297,0.9579956037917297,2.9846559559505314e-30,5.031306467215774,1.1710032206281295e-27,TMT1B,protein-coding
ENSG00000134569,3.7379780386753447,0.9579612584146174,0.9579612584146174,3.0142599225108808e-30,6.658584151453505,1.1710032206281295e-27,LRP4,protein-coding
ENSG00000107731,1.841542552655203,0.9577208407748317,0.9577208407748317,3.229808609030473e-30,5.133251168351061,1.2248664648723184e-27,UNC5B,protein-coding
ENSG00000050767,-2.7933998132727096,0.04241654073361725,0.9575834592663828,3.359776917256071e-30,4.341903494068565,1.2282920313037485e-27,COL23A1,protein-coding
ENSG00000105717,-2.0835271988631123,0.042450886110729495,0.9575491138892704,3.3930719096788635e-30,1.877948339417952,1.2282920313037485e-27,PBX4,protein-coding
ENSG00000150672,-2.879466603297622,0.043343865915647754,0.9566561340843522,4.383591363082126e-30,2.2504377791753094,1.551596516248269e-27,DLG2,protein-coding
ENSG00000158352,2.310095700658198,0.9565187525759032,0.9565187525759032,4.5595758457063544e-30,5.32392070403244,1.5788026971828437e-27,SHROOM4,protein-coding
ENSG00000154258,-2.0375177257470902,0.0437216650638824,0.9562783349361176,4.8845712616387966e-30,0.8226705387305899,1.6208635636538074e-27,ABCA9,protein-coding
ENSG00000126218,-1.4755919662239436,0.04420250034345377,0.9557974996565463,5.605144501541328e-30,0.743007363787121,1.8032012876485285e-27,F10,protein-coding
ENSG00000198682,-2.6188010564641964,0.04423684572056601,0.955763154279434,5.6604761666515835e-30,2.712935913013582,1.8032012876485285e-27,PAPSS2,protein-coding
ENSG00000204065,-1.5540557985872725,0.04504396208270367,0.9549560379172963,6.936164302696662e-30,0.33353485877170685,2.1662593139873028e-27,TCEAL5,protein-coding
ENSG00000187730,1.717650172541854,0.9549388652287402,0.9549388652287402,7.163835852854908e-30,2.2976955788287845,2.194338028159096e-27,GABRD,protein-coding
ENSG00000004399,1.4249872040351903,0.9548014837202913,0.9548014837202913,7.45034987306679e-30,6.875630941124812,2.2220057660362458e-27,PLXND1,protein-coding
ENSG00000172667,1.568867192546553,0.9547327929660667,0.9547327929660667,7.597842537533803e-30,5.9215816581755565,2.2220057660362458e-27,ZMAT3,protein-coding
ENSG00000198774,-2.0912940711416463,0.04530155241104547,0.9546984475889545,7.672671844047809e-30,1.2624756754317272,2.2220057660362458e-27,RASSF9,protein-coding
ENSG00000110092,1.6199554776660694,0.9544580299491688,0.9544580299491688,8.217356035463874e-30,8.294836088173557,2.3372508380869392e-27,CCND1,protein-coding
ENSG00000254489,-1.0428742585360298,0.04564500618216788,0.9543549938178322,4.662397666335358e-30,0.2081249944005833,1.5800568091359488e-27,MPPED2-AS1,
ENSG00000114805,-2.3575810027253135,0.04567935155928012,0.9543206484407198,8.545656094615028e-30,1.896201100208676,2.3879861451759323e-27,PLCH1,protein-coding
ENSG00000164764,-1.5179840916022185,0.04588542382195356,0.9541145761780465,9.062663852225083e-30,1.0254976424354445,2.4466120311566293e-27,SBSPON,protein-coding
ENSG00000132561,-2.789903519076492,0.04588542382195356,0.9541145761780465,9.062663852225083e-30,6.084799712181559,2.4466120311566293e-27,MATN2,protein-coding
ENSG00000171612,-1.3696869436962427,0.04612584146173925,0.9538741585382607,9.705181600777372e-30,2.1373450757071066,2.5117517411363203e-27,SLC25A33,protein-coding
ENSG00000237396,-0.9311340299819755,0.04616018683885149,0.9538398131611485,1.1061675876766615e-30,0.154107049024159,6.075530116039264e-28,LNCNEF,
ENSG00000267750,1.241674273167589,0.9537711224069241,0.9537711224069241,9.99419849632145e-30,2.470435558104375,2.5117517411363203e-27,RUNDC3A-AS1,
ENSG00000171368,-2.2792155322984415,0.046263222970188214,0.9537367770298117,1.00924228674488e-29,2.852204239474297,2.5117517411363203e-27,TPPP,protein-coding
ENSG00000150625,-2.6407759390813355,0.04677840362687182,0.9532215963731282,1.1686096278854155e-29,1.599975571274474,2.8636329466090615e-27,GPM6A,protein-coding
ENSG00000134201,-1.6766504787782688,0.047053166643769746,0.9529468333562303,1.2634158270439227e-29,0.8165158664303747,3.0490435292660004e-27,GSTM5,protein-coding
ENSG00000183248,2.3076893225776423,0.9528437972248935,0.9528437972248935,1.3011233104932174e-29,3.685833027052522,3.077203738119948e-27,PRR36,protein-coding
ENSG00000137077,-4.858182395017087,0.04719054815221871,0.9528094518477813,1.313723343747843e-29,2.0853209668008605,3.077203738119948e-27,CCL21,protein-coding
ENSG00000138185,2.1405761130304013,0.9523286165682099,0.9523286165682099,1.50615260162698e-29,7.163448113155947,3.4125663786158175e-27,ENTPD1,protein-coding
ENSG00000152580,-1.9860528349142479,0.04767138343179008,0.9523286165682099,1.5057562116260166e-29,0.5816557073303024,3.4125663786158175e-27,IGSF10,protein-coding
ENSG00000166589,-4.220155898818632,0.0477744195631268,0.9522255804368732,1.55085262698139e-29,2.0739973337896336,3.4125663786158175e-27,CDH16,protein-coding
ENSG00000165568,-1.1817536684838266,0.047843110317351285,0.9521568896826487,1.5813814830770527e-29,0.5861257730723202,3.4125663786158175e-27,AKR1E2,protein-coding
ENSG00000225345,-0.784627337131296,0.04791180107157576,0.9520881989284242,1.612435940072235e-29,0.31753505509584395,3.4125663786158175e-27,SNX18P3,
ENSG00000197467,2.227043297766305,0.952053853551312,0.952053853551312,1.628296363478165e-29,3.2617309639320253,3.4125663786158175e-27,COL13A1,protein-coding
ENSG00000196616,-3.126214352878544,0.047946146448688005,0.952053853551312,1.6277078649423948e-29,0.9922815945125538,3.4125663786158175e-27,ADH1B,protein-coding
ENSG00000128536,-1.5450922391112392,0.04811787333424921,0.9518821266657508,1.7095761849284996e-29,1.1288195237939593,3.491042240197582e-27,CDHR3,protein-coding
ENSG00000255277,0.7043109891638998,0.9516073636488529,0.9516073636488529,1.8480767488954426e-29,0.9826479984049976,3.726097019798305e-27,ABCC6P2,
ENSG00000159842,1.3430515366934355,0.9515386728946283,0.9515386728946283,1.8844070590907876e-29,6.19144244111475,3.751854454649758e-27,ABR,protein-coding
ENSG00000187583,1.920548370422452,0.9511608737463937,0.9511608737463937,2.097263690114051e-29,2.44253889320842,4.124100747671185e-27,PLEKHN1,protein-coding
ENSG00000130595,-1.0819209373957503,0.04890781700783075,0.9510921829921692,2.1263559046340666e-29,0.3297954413521578,4.130316688903831e-27,TNNT3,protein-coding
ENSG00000280623,-0.945641128742405,0.048942162384942985,0.951057837615057,1.6548623914599543e-29,0.20666619346754922,3.4232010611914485e-27,LOC124900476,protein-coding
ENSG00000169302,2.4649797000177514,0.9507143838439346,0.9507143838439346,2.3797567008287635e-29,5.267224489745977,4.51247199176197e-27,STK32A,protein-coding
ENSG00000127241,-1.2335589887711864,0.049285616156065394,0.9507143838439346,2.3608909568879973e-29,0.37332126972913976,4.51247199176197e-27,MASP1,protein-coding
ENSG00000102003,-0.8630436496291873,0.049422997664514356,0.9505770023354856,2.4740461612590585e-29,1.045887773365666,4.6360714419452096e-27,SYP,protein-coding
ENSG00000206129,-1.274918499898974,0.049629069927187804,0.9503709300728123,2.582059448700993e-29,0.348431580215335,4.782214290570863e-27,,
ENSG00000101938,-3.5285794174611596,0.050075559829646926,0.949924440170353,2.974700301907616e-29,1.6542523848656365,5.3237108324476975e-27,CHRDL1,protein-coding
ENSG00000184916,1.2588079263908303,0.9498214040390164,0.9498214040390164,3.0628875936153133e-29,4.404819976173576,5.420630399011635e-27,JAG2,protein-coding
ENSG00000253250,-1.3440061988198384,0.05024728671520813,0.9497527132847918,3.122862384758435e-29,0.6064683637454282,5.46603868839916e-27,C8orf88,protein-coding
ENSG00000158055,1.7940717890757727,0.9495809863992306,0.9495809863992306,3.277945850845773e-29,1.970170073725033,5.599062423553558e-27,GRHL3,protein-coding
ENSG00000163431,-2.5930288864176236,0.050419013600769336,0.9495809863992306,3.277945850845773e-29,3.7824020224334194,5.599062423553558e-27,LMOD1,protein-coding
ENSG00000175832,2.997359126908608,0.9495122956450062,0.9495122956450062,3.3420976113485476e-29,4.787035162090317,5.599076557909724e-27,ETV4,protein-coding
ENSG00000248810,-1.1510294595876855,0.050522049732106056,0.9494779502678939,3.37463177774569e-29,0.5050496645829385,5.599076557909724e-27,LINC02432,ncRNA
ENSG00000104313,-0.7620223887358221,0.0505563951092183,0.9494436048907817,3.304318607571788e-29,0.1865594786899418,5.599062423553558e-27,EYA1,protein-coding
ENSG00000169435,-2.2533948826908254,0.050865503503228465,0.9491344964967715,3.7178506752889584e-29,1.1885683527485051,6.0985574243684746e-27,RASSF6,protein-coding
ENSG00000244694,2.3561125832892253,0.9491001511196593,0.9491001511196593,3.7540206928097417e-29,3.5471362321279214,6.0985574243684746e-27,PTCHD4,protein-coding
ENSG00000226124,-1.347577434971762,0.05093419425745295,0.9490658057425471,3.79053983558814e-29,1.5252621135979298,6.0985574243684746e-27,FTCDNL1,protein-coding
ENSG00000249249,-0.5860335726489128,0.05124330265146311,0.9487566973485368,4.135484931580319e-29,0.5391911446409876,6.52178257328825e-27,TICAM2-AS1,
ENSG00000185090,1.3637270445624723,0.948481934331639,0.948481934331639,4.468147175644716e-29,3.398364142845336,6.977318452320494e-27,MANEAL,protein-coding
ENSG00000270959,-0.7858331276170158,0.05158675642258552,0.9484132435774144,4.5553794715316153e-29,0.7635267157495784,7.044474196364618e-27,LPP-AS2,ncRNA
ENSG00000138356,-2.9821379626917714,0.05162110179969776,0.9483788982003023,4.599617254820607e-29,1.399979704259225,7.044490734113715e-27,AOX1,protein-coding
ENSG00000205221,-1.569966863218696,0.05194738288226405,0.9480526171177359,4.1345431812421027e-29,0.3013099919411809,6.52178257328825e-27,VIT,protein-coding
ENSG00000183888,-0.9488723104718849,0.05210193707926913,0.9478980629207309,2.9057737012466343e-29,0.17960381769398057,5.259450399256408e-27,SRARP,protein-coding
ENSG00000135723,1.2077590963801255,0.9477606814122819,0.9477606814122819,5.4731046689541e-29,5.363178324002141,8.302439158771514e-27,FHOD1,protein-coding
ENSG00000106829,-1.679870602161837,0.05282318999862619,0.9471768100013738,6.448454211030056e-29,2.759843536937497,9.689714969177994e-27,TLE4,protein-coding
ENSG00000109205,-1.4569946132701301,0.05296057150707515,0.9470394284929249,9.973424700548153e-30,0.34155352698468866,2.5117517411363203e-27,ODAM,protein-coding
ENSG00000130226,-3.951762484524398,0.053338370655309796,0.9466616293446902,7.451119483606917e-29,1.859057284655134,1.1091722535971119e-26,DPP6,protein-coding
ENSG00000136111,-2.0114734408696098,0.053510097540871,0.946489902459129,7.818598377996178e-29,4.355250774405449,1.1530984718955845e-26,TBC1D4,protein-coding
ENSG00000177363,-1.3140523781597822,0.05357878829509548,0.9464212117049045,7.914957232343635e-29,0.354455240770297,1.1566003559336644e-26,LRRN4CL,protein-coding
ENSG00000166145,1.4098925173710972,0.9461121033108943,0.9461121033108943,8.691509921157569e-29,7.317212412665453,1.2489108299408566e-26,SPINT1,protein-coding
ENSG00000075035,-3.9196681437018914,0.05392224206621789,0.9460777579337821,8.775429485994546e-29,2.1238214141936296,1.2489108299408566e-26,WSCD2,protein-coding
ENSG00000065675,-1.3568681692368645,0.05395658744333013,0.9460434125566699,8.860304104929484e-29,3.735992393851458,1.2489108299408566e-26,PRKCQ,protein-coding
ENSG00000066382,-3.0092537853323447,0.05395658744333013,0.9460434125566699,8.860304104929484e-29,2.48647130697718,1.2489108299408566e-26,MPPED2,protein-coding
ENSG00000151365,2.255156881943109,0.945493886522874,0.945493886522874,1.0333090200033988e-28,3.314999477457469,1.4437321114573804e-26,THRSP,protein-coding
ENSG00000130513,3.4257459973152633,0.9451504327517516,0.9451504327517516,1.137437541712448e-28,5.327984884859489,1.561819410723782e-26,GDF15,protein-coding
ENSG00000157927,-1.546883210820234,0.05484956724824839,0.9451504327517516,1.137437541712448e-28,0.8373460752820229,1.561819410723782e-26,RADIL,protein-coding
ENSG00000147606,-3.369935145963553,0.05508998488803407,0.9449100151119659,1.2164572679483932e-28,6.000740115999364,1.656045415716411e-26,SLC26A7,protein-coding
ENSG00000001617,1.3048873732015034,0.9448756697348537,0.9448756697348537,1.2281817334682763e-28,5.909618315152008,1.65783717378667e-26,SEMA3F,protein-coding
ENSG00000104888,-0.9056869114834727,0.05519302101937079,0.9448069789806293,1.2519653678992484e-28,0.4833506354828121,1.675739863857078e-26,SLC17A7,protein-coding
ENSG00000086205,1.05523795941102,0.9447382882264047,0.9447382882264047,1.2762112644531206e-28,1.516009626576822,1.6939577516841087e-26,FOLH1,protein-coding
ENSG00000204381,-1.9314490980561692,0.05529605715070751,0.9447039428492925,1.2885069548654068e-28,2.564880179637001,1.6961437005864627e-26,LAYN,protein-coding
ENSG00000141639,-3.0651079670718193,0.055364747904931996,0.944635252095068,1.3134519940732151e-28,1.3368017151386002,1.7148084722621452e-26,MAPK4,protein-coding
ENSG00000234546,0.6392368421135075,0.9442574529468334,0.9442574529468334,1.4594609277806263e-28,1.1508986772977376,1.8846537136675053e-26,LNCTAM34A,ncRNA
ENSG00000240602,-1.3409527790092468,0.055776892430278883,0.9442231075697212,1.4672090689023774e-28,0.2794402071594853,1.8846537136675053e-26,AADACP1,
ENSG00000115112,-3.600434667687488,0.055914273938727846,0.9440857260612722,1.5310455559769493e-28,3.435879078756668,1.950919489248068e-26,TFCP2L1,protein-coding
ENSG00000235978,1.1541857712790893,0.9439483445528232,0.9439483445528232,1.5908122523634617e-28,1.4889671929250503,2.0109886948924776e-26,LOC124906209,ncRNA
ENSG00000157111,-2.3308845929453748,0.056154691578513535,0.9438453084214864,1.6371509093464254e-28,2.271776310760087,2.0532708412653437e-26,TMEM171,protein-coding
ENSG00000134042,-2.644742020747108,0.05622338233273801,0.943776617667262,1.6687812232912617e-28,1.2520134740247582,2.0765896347330638e-26,MRO,protein-coding
ENSG00000128573,-2.1611864880434037,0.0562920730869625,0.9437079269130375,1.7010248706995106e-28,1.91252118350646,2.1003041969381244e-26,FOXP2,protein-coding
ENSG00000144749,-1.5919446389434544,0.05632641846407473,0.9436735815359253,1.7173758816532423e-28,4.5360687039412,2.1041817725363727e-26,LRIG1,protein-coding
ENSG00000131015,1.2569741334819775,0.9432270916334662,0.9432270916334662,1.9446775447180455e-28,1.7694085147539735,2.364490376509086e-26,ULBP2,protein-coding
ENSG00000091129,1.9890049662018674,0.9431927462563539,0.9431927462563539,1.96335061769656e-28,5.249640349427588,2.3691097453538493e-26,NRCAM,protein-coding
ENSG00000184156,2.885394530727073,0.9431240555021294,0.9431240555021294,2.0012320136349293e-28,3.863538448184959,2.3966634220433952e-26,KCNQ3,protein-coding
ENSG00000070193,-0.8772027664873695,0.05687594449787059,0.9431240555021294,2.6833422116468294e-29,0.15615922789269251,4.912675258288586e-27,FGF10,protein-coding
ENSG00000183775,-2.0225176779534304,0.05704767138343179,0.9429523286165682,2.09909313945252e-28,0.5581820414152259,2.4951011585969956e-26,KCTD16,protein-coding
ENSG00000154928,-2.150698423458497,0.057150707514768515,0.9428492924852314,2.1601459338468384e-28,2.383135085117872,2.5486521803194402e-26,EPHB1,protein-coding
ENSG00000146267,2.0735844644126766,0.9426432202225581,0.9426432202225581,2.2874891028438495e-28,3.2352577066820976,2.659498279569112e-26,FAXC,protein-coding
ENSG00000154553,-2.3060089618716018,0.057356779777441955,0.9426432202225581,2.2874891028438495e-28,2.9731556496547396,2.659498279569112e-26,PDLIM3,protein-coding
ENSG00000144821,-0.744887204325503,0.05752850666300316,0.9424714933369969,2.3943998229527606e-28,0.17634781999315602,2.763623215941418e-26,MYH15,protein-coding
ENSG00000165959,-1.829814850498709,0.0575628520401154,0.9424371479598845,2.422275739136051e-28,2.794451480634312,2.775684026831584e-26,CLMN,protein-coding
ENSG00000163485,2.153822154733126,0.9423684572056601,0.9423684572056601,2.4689325692724825e-28,4.537359628575479,2.8089398545265786e-26,ADORA1,protein-coding
ENSG00000138315,1.0473983305579664,0.9423169391399917,0.9423169391399917,2.5044566721796297e-28,1.243249362230983,2.829147934360081e-26,OIT3,protein-coding
ENSG00000231768,-0.8700935613862661,0.05776892430278884,0.9422310756972112,2.5646359179166186e-28,0.29917452992584453,2.876726823984218e-26,LINC01354,ncRNA
ENSG00000149573,2.095403536499668,0.9421280395658744,0.9421280395658744,2.6393624263822717e-28,7.25073453531078,2.939843687231946e-26,MPZL2,protein-coding
ENSG00000169946,-2.0266324777088247,0.057906305811237804,0.9420936941887622,2.664643808838328e-28,2.079314080714746,2.947392124109506e-26,ZFPM2,protein-coding
ENSG00000026652,-1.658981813156109,0.05794065118835005,0.94205934881165,2.6901653905345435e-28,1.8575518046469992,2.95510029934029e-26,AGPAT4,protein-coding
ENSG00000144648,-1.011758509306194,0.058249759582360214,0.9417502404176398,2.9310490903098e-28,0.6486147608114705,3.197654103455787e-26,ACKR2,protein-coding
ENSG00000166415,-2.4756479458497296,0.058387141090809176,0.9416128589091908,3.044863302946572e-28,4.395498814042304,3.299223312199524e-26,WDR72,protein-coding
ENSG00000174567,2.2816188836805367,0.9413037505151807,0.9413037505151807,3.3172245766331245e-28,2.8621283075874295,3.570050882203541e-26,GOLT1A,protein-coding
ENSG00000147408,-2.1754903551095444,0.05879928561615606,0.9412007143838439,3.4132770014782874e-28,5.053016153826294,3.624445071969744e-26,CSGALNACT1,protein-coding
ENSG00000168079,-3.0295070185445643,0.058833630993268306,0.9411663690067317,3.3642808029987557e-28,0.8574410472233452,3.596393599339878e-26,SCARA5,protein-coding
ENSG00000143839,0.9484767053214719,0.9409431240555022,0.9409431240555022,3.6621713708229167e-28,1.00345522373062,3.862984476454796e-26,REN,protein-coding
ENSG00000173894,0.7902570128893516,0.9404451160873747,0.9404451160873747,4.207201623882574e-28,1.8175781727617573,4.408704438500108e-26,CBX2,protein-coding
ENSG00000187122,3.6988083378951977,0.9403077345789257,0.9403077345789257,4.370085340405661e-28,4.43797596840498,4.549458777907279e-26,SLIT1,protein-coding
ENSG00000223914,2.481181172119822,0.9402733892018135,0.9402733892018135,4.402895271942865e-28,2.6821879782071205,4.55385168126662e-26,LINC02471,ncRNA
ENSG00000120254,1.1244588629004055,0.9402390438247012,0.9402390438247012,4.453857473367476e-28,4.393712302241876,4.576841408761107e-26,MTHFD1L,protein-coding
ENSG00000173535,1.688877251742212,0.9402046984475889,0.9402046984475889,4.496338913435398e-28,3.0861849192608943,4.590877321358912e-26,TNFRSF10C,protein-coding
ENSG00000231856,-0.990803001800707,0.059829646929523285,0.9401703530704767,4.539222238259936e-28,1.4961222325807795,4.60514215356715e-26,,
ENSG00000166352,-1.8983993293422694,0.06000137381508449,0.9399986261849156,4.759800322170371e-28,3.1008736475485197,4.768182360473564e-26,IFTAP,protein-coding
ENSG00000134574,1.1032700350328142,0.9399986261849155,0.9399986261849155,4.759800322170371e-28,4.340924702416683,4.768182360473564e-26,DDB2,protein-coding
ENSG00000165886,0.966466011133734,0.939929935430691,0.939929935430691,4.850979434823357e-28,4.411865854131113,4.7715584388844975e-26,UBTD1,protein-coding
ENSG00000271614,-1.0183379779091546,0.060070064569308974,0.939929935430691,4.850979434823357e-28,1.2900716145597981,4.7715584388844975e-26,ATP2B1-AS1,ncRNA
ENSG00000063127,-0.8381055447899316,0.06010440994642121,0.9398955900535788,4.897216548728554e-28,0.5662265502803915,4.785451852033645e-26,SLC6A16,protein-coding
ENSG00000227199,-1.17384607712388,0.06013875532353345,0.9398612446764665,4.943890768369953e-28,1.3706833126593305,4.8016031804022324e-26,ST7-AS1,ncRNA
ENSG00000129925,0.7970438971278462,0.9398268992993543,0.9398268992993543,4.991006191342732e-28,6.0537764620778445,4.817984643376184e-26,PGAP6,protein-coding
ENSG00000137142,-2.2279725090352307,0.06031048220909466,0.9396895177909054,5.183855720789223e-28,0.8811468673075763,4.974003248236792e-26,IGFBPL1,protein-coding
ENSG00000168487,1.2828875922946947,0.9394834455282319,0.9394834455282319,5.487355761316204e-28,5.852125343146272,5.233688776421826e-26,BMP1,protein-coding
ENSG00000145362,-2.641514101968945,0.06065393598021706,0.9393460640197829,5.699335963590245e-28,2.634546141731823,5.403513287384846e-26,ANK2,protein-coding
ENSG00000159166,1.9928724490453646,0.938933919494436,0.938933919494436,6.385241006899627e-28,4.743960090114113,6.017995192774986e-26,LAD1,protein-coding
ENSG00000114698,-1.5660127554897971,0.06110042588267619,0.9388995741173238,6.44596569109226e-28,3.8055946922073827,6.03949067810103e-26,PLSCR4,protein-coding
ENSG00000160182,-0.7880619032244951,0.0616156065393598,0.9383843934606402,1.601511733609459e-29,0.11336191932145954,3.4125663786158175e-27,TFF1,protein-coding
ENSG00000044524,-2.1783293172667277,0.0616156065393598,0.9383843934606402,7.428659291054758e-28,2.61333348272925,6.8792840225535e-26,EPHA3,protein-coding
ENSG00000117308,2.574387036047259,0.9383157027064157,0.9383157027064157,7.570444609087152e-28,5.317514320652452,6.890402384773724e-26,GALE,protein-coding
ENSG00000107281,1.5912897406237319,0.9383157027064157,0.9383157027064157,7.570444609087152e-28,5.759670682227268,6.890402384773724e-26,NPDC1,protein-coding
ENSG00000102271,-1.0834233536172893,0.06168429729358428,0.9383157027064157,7.570288609753535e-28,0.4213030836515779,6.890402384773724e-26,KLHL4,protein-coding
ENSG00000142733,1.2052072652185455,0.938212666575079,0.938212666575079,7.788170151639031e-28,4.965601009372661,7.008473117248954e-26,MAP3K6,protein-coding
ENSG00000164761,-2.6886208771868576,0.06178733342492101,0.938212666575079,7.788170151639031e-28,4.091569014676131,7.008473117248954e-26,TNFRSF11B,protein-coding
ENSG00000137460,-1.6431413248443398,0.062199477950267895,0.9378005220497321,8.722944811633083e-28,4.439545805264083,7.761958936295627e-26,FHDC1,protein-coding
ENSG00000117707,-2.1881296050533634,0.062199477950267895,0.9378005220497321,8.722944811633083e-28,2.4047177461428615,7.761958936295627e-26,PROX1,protein-coding
ENSG00000116685,0.7471804976726721,0.9376631405412832,0.9376631405412832,9.05862387466839e-28,6.380159567227718,7.971589009708182e-26,KIAA2013,protein-coding
ENSG00000197766,-2.2533600554457136,0.06233685945871686,0.9376631405412832,9.05862387466839e-28,2.65513597236096,7.971589009708182e-26,CFD,protein-coding
ENSG00000132481,1.3910726522670083,0.937491413655722,0.937491413655722,9.49629034693656e-28,4.681159189240552,8.31081937615415e-26,TRIM47,protein-coding
ENSG00000147231,-1.0734345975727675,0.06261162247561478,0.9373883775243852,9.76889048007804e-28,1.6308307085563913,8.45646128079799e-26,RADX,protein-coding
ENSG00000185774,-1.724306936143132,0.06261162247561478,0.9373883775243852,9.76889048007804e-28,1.3021009757582995,8.45646128079799e-26,KCNIP4,protein-coding
ENSG00000279444,-1.009080285282249,0.06268031322983926,0.9373196867701608,7.274954547784782e-28,0.1973709973814957,6.776343627901521e-26,,
ENSG00000187642,1.2828674543313494,0.9371823052617118,0.9371823052617118,1.0337587707026664e-27,1.6017863528961043,8.900383621487606e-26,PERM1,protein-coding
ENSG00000163898,4.251350482968274,0.9370792691303751,0.9370792691303751,1.0634128837739034e-27,4.941447936793641,9.106473340188566e-26,LIPH,protein-coding
ENSG00000267712,-0.9938590592951244,0.06298942162384943,0.9370105783761505,1.0726928494439797e-27,0.28888926118784547,9.136819094087544e-26,LINC01539,ncRNA
ENSG00000164199,-2.5120869024033,0.06322983926363511,0.9367701607363649,1.1575318719471998e-27,1.8898888201916058,9.807004072539893e-26,ADGRV1,protein-coding
ENSG00000109182,-2.776344070407769,0.06333287539497184,0.9366671246050282,1.1907028304649572e-27,1.476251281772122,1.0034663853780867e-25,CWH43,protein-coding
ENSG00000182348,-2.7131062996122837,0.06352177496908916,0.9364782250309108,4.853041606600255e-28,0.6447624379578712,4.7715584388844975e-26,ZNF804B,protein-coding
ENSG00000105711,1.8528716741795501,0.9364610523423548,0.9364610523423548,1.2599066306984966e-27,3.821224556579649,1.0561996217771397e-25,SCN1B,protein-coding
ENSG00000215218,1.8366061235904627,0.936358016211018,0.936358016211018,1.295988454275207e-27,3.727057808072057,1.0807593769474082e-25,UBE2QL1,protein-coding
ENSG00000187134,-1.7881320559938003,0.06371067454320649,0.9362893254567934,1.3206104534071422e-27,1.3698573084523629,1.0945121124564778e-25,AKR1C1,protein-coding
ENSG00000159761,-0.8381041285251181,0.06374501992031872,0.9362549800796813,1.3330948632380505e-27,1.1138460846371747,1.0945121124564778e-25,C16orf86,protein-coding
ENSG00000258117,-0.8896222389955443,0.06374501992031872,0.9362549800796813,9.934537492986037e-30,0.18227509423590071,2.5117517411363203e-27,LINC03056,
ENSG00000196781,-1.3625972665331951,0.06374501992031872,0.9362549800796813,1.3330948632380505e-27,3.5966990619987205,1.0945121124564778e-25,TLE1,protein-coding
ENSG00000152292,-1.4654131009344642,0.06377936529743096,0.936220634702569,1.3456963139321864e-27,0.6469262787285586,1.0991923532467622e-25,SH2D6,protein-coding
ENSG00000167751,-1.8013181484731406,0.06391674680587993,0.9360832531941201,1.3940487163758055e-27,0.686626365018094,1.132877956858869e-25,KLK2,protein-coding
ENSG00000149972,-2.193245962112853,0.06398543756010441,0.9360145624398956,1.4238216024244814e-27,0.787235714345106,1.151199516924728e-25,CNTN5,protein-coding
ENSG00000117298,1.3869306187300499,0.9359458716856711,0.9359458716856711,1.450854067910123e-27,8.476551024293013,1.1612665122448462e-25,ECE1,protein-coding
ENSG00000133640,-1.1121200909162037,0.0640541283143289,0.9359458716856711,1.450854067910123e-27,1.0622889354484897,1.1612665122448462e-25,LRRIQ1,protein-coding
ENSG00000244405,1.5844876185273202,0.9358428355543343,0.9358428355543343,1.492355396861547e-27,5.810745665767782,1.188511838060536e-25,ETV5,protein-coding
ENSG00000139880,0.9703182462382394,0.9357741448001099,0.9357741448001099,1.5206748518302406e-27,3.0559328962104164,1.2050402507438842e-25,CDH24,protein-coding
ENSG00000198121,-1.4628527924200627,0.0645693089710125,0.9354306910289876,1.670466964834e-27,2.8614421076538026,1.3106993997968448e-25,LPAR1,protein-coding
ENSG00000015475,1.6322992072832916,0.935362000274763,0.935362000274763,1.7021365566938457e-27,4.460527089332012,1.3290015232852732e-25,BID,protein-coding
ENSG00000116194,-2.1319151963111436,0.06477538123368595,0.935224618766314,1.7672728951676294e-27,3.3314193767824154,1.3731279353282929e-25,ANGPTL1,protein-coding
ENSG00000151892,-2.1082119985933647,0.06487841736502267,0.9351215826349774,1.8176680185638704e-27,1.073671518187537,1.405427970858511e-25,GFRA1,protein-coding
ENSG00000204103,-1.9005222305795462,0.06505014425058388,0.9349498557494161,1.9050521142602607e-27,4.868063002021304,1.4588302921123767e-25,MAFB,protein-coding
ENSG00000039537,-0.9391130995949267,0.06553097953015524,0.9344690204698447,1.6242344490971943e-27,0.2215181017484772,1.2807329854069363e-25,C6,protein-coding
ENSG00000225968,0.869593051892946,0.9344003297156203,0.9344003297156203,2.2133626888312844e-27,1.4495983669766588,1.6787829003668905e-25,ELFN1,protein-coding
ENSG00000115380,-2.220927277726168,0.0656683610386042,0.9343316389613958,2.2552261757134534e-27,5.072942405079624,1.7024285557708003e-25,EFEMP1,protein-coding
ENSG00000087088,0.9719751606820788,0.9342629482071713,0.9342629482071713,2.2978747696406714e-27,5.3477953149813375,1.7264410061715385e-25,BAX,protein-coding
ENSG00000111339,-1.4309603469920618,0.06608050556395109,0.9339194944360489,2.523236342354446e-27,0.6868628864668025,1.886859552160639e-25,ART4,protein-coding
ENSG00000125505,0.7382745175395771,0.9335760406649265,0.9335760406649265,2.770889863344019e-27,6.0021934491814894,2.0623707356702586e-25,MBOAT7,protein-coding
ENSG00000142319,-0.9703918114034962,0.06652699546641022,0.9334730045335897,2.8465055546840918e-27,0.31100923737739494,2.108797231395731e-25,SLC6A3,protein-coding
ENSG00000104044,-2.422522000680009,0.06669872235197143,0.9333012776480285,2.9853552186589243e-27,1.0672990828236915,2.201423051981451e-25,OCA2,protein-coding
ENSG00000149451,-1.4555814526495672,0.06680175848330815,0.9331982415166918,3.070975880704734e-27,1.1182243270895822,2.2541246003624424e-25,ADAM33,protein-coding
ENSG00000170743,-1.2816662160491448,0.06687044923753263,0.9331295507624674,3.128900638077223e-27,0.5223453510017366,2.286106851527248e-25,SYT9,protein-coding
ENSG00000150995,-2.4708091453323204,0.0671108668773183,0.9328891331226816,3.3403008607421015e-27,4.7731033444397974,2.4294206442876798e-25,ITPR1,protein-coding
ENSG00000165023,-1.7327004943902922,0.06714521225443056,0.9328547877455695,3.3716080876044434e-27,0.9616659163454404,2.4308134992847506e-25,DIRAS2,protein-coding
ENSG00000169762,-0.8125467268071196,0.06717955763154279,0.9328204423684572,3.403260989078977e-27,4.318031693305691,2.4308134992847506e-25,TAPT1,protein-coding
ENSG00000101746,-1.7572114613014431,0.06717955763154279,0.9328204423684572,3.389444795391648e-27,0.5435354844717099,2.4308134992847506e-25,NOL4,protein-coding
ENSG00000170153,-2.2554734154536957,0.06717955763154279,0.9328204423684572,3.403260989078977e-27,2.576413174278665,2.4308134992847506e-25,RNF150,protein-coding
ENSG00000138622,1.6403561467365297,0.9327689243027888,0.9327689243027888,3.450669604629426e-27,1.8203352069303547,2.4536725652918525e-25,HCN4,protein-coding
ENSG00000122145,-1.3154164158101223,0.06728259376287951,0.9327174062371205,2.1505341299038596e-27,0.33480734735355994,1.6389333790004153e-25,TBX22,protein-coding
ENSG00000136205,-1.5472552381172004,0.067351284517104,0.932648715482896,3.565856752488368e-27,5.74962719076342,2.524309615717099e-25,TNS3,protein-coding
ENSG00000149948,3.7759773955079936,0.9325800247286715,0.9325800247286715,3.63303124083316e-27,4.373186272116424,2.5604832568137416e-25,HMGA2,protein-coding
ENSG00000111087,-0.966526468731632,0.06745432064844072,0.9325456793515593,3.6669403329439085e-27,0.35617751053818764,2.5729967234859287e-25,GLI1,protein-coding
ENSG00000256340,0.8384387933070783,0.9325285066630031,0.9325285066630031,3.6842268209636746e-27,1.05918246918889,2.5737879300135705e-25,ABCC6P1,
ENSG00000062038,3.440954109889854,0.9322709163346613,0.9322709163346613,3.9511821094672205e-27,5.78881711676917,2.7482283248730957e-25,CDH3,protein-coding
ENSG00000072133,-1.6249270631677413,0.06779777441956313,0.9322022255804369,4.0255509200769465e-27,3.0434517527011935,2.787781524129809e-25,RPS6KA6,protein-coding
ENSG00000104522,0.8174129619085067,0.931927462563539,0.931927462563539,4.337163334872735e-27,5.608828553405697,2.977686965424695e-25,GFUS,protein-coding
ENSG00000154655,-1.300536787812527,0.06807253743646105,0.931927462563539,4.337163334872735e-27,2.2086008178614787,2.977686965424695e-25,L3MBTL4,protein-coding
ENSG00000155792,-2.0754302144602574,0.06834730045335898,0.931652699546641,4.6726793357665314e-27,4.786741722232812,3.1806169427388595e-25,DEPTOR,protein-coding
ENSG00000165164,-0.8109842275568716,0.06851902733892018,0.9314809726610798,4.571531334115481e-27,0.2194822565967486,3.1251223643687286e-25,CFAP47,protein-coding
ENSG00000196872,0.8616996186273203,0.9314122819068553,0.9314122819068553,4.9872890655369755e-27,4.068003340006313,3.380320861100976e-25,CRACDL,protein-coding
ENSG00000141391,1.1342368317855274,0.9313779365297431,0.9313779365297431,5.033915566298724e-27,2.127448907132194,3.397466404237546e-25,PRELID3A,protein-coding
ENSG00000080493,-3.098878552799109,0.0687937903558181,0.9312062096441819,5.273611228267221e-27,3.2813149256496135,3.5293310774722813e-25,SLC4A4,protein-coding
ENSG00000086991,1.4113525699111582,0.9311375188899574,0.9311375188899574,5.372627969940288e-27,2.284819939400956,3.5805530671635523e-25,NOX4,protein-coding
ENSG00000250305,-1.74261369194807,0.06899986261849154,0.9310001373815084,5.5762249866232075e-27,4.702039627614895,3.7007546494556015e-25,TRMT9B,protein-coding
ENSG00000184908,-2.269034348001174,0.0690342079956038,0.9309657920043962,5.6283082777469134e-27,2.0325541225261947,3.7198213380893296e-25,CLCNKB,protein-coding
ENSG00000173805,-1.7531869894308485,0.06917158950405275,0.9308284104959472,5.841509235522239e-27,0.9927445174596377,3.84477516956191e-25,HAP1,protein-coding
ENSG00000132535,1.2983468106376979,0.9307597197417228,0.9307597197417228,5.951093373173424e-27,4.57152068459232,3.9007825204899713e-25,DLG4,protein-coding
ENSG00000158825,1.1042356610172852,0.9307253743646106,0.9307253743646106,6.0066473900065846e-27,1.9678718223077254,3.921060640492823e-25,CDA,protein-coding
ENSG00000100012,-0.8194882156860764,0.0692917983239456,0.9307082016760544,1.8385190907239117e-27,0.12844437123578678,1.4146827090362542e-25,SEC14L3,protein-coding
ENSG00000106683,0.9471084162354932,0.9306910289874983,0.9306910289874983,6.062715591458952e-27,5.65601174326894,3.941507507786048e-25,LIMK1,protein-coding
ENSG00000122376,-0.8622367923666321,0.06941200714383844,0.9305879928561616,6.23405269343026e-27,3.9167244552026537,4.036422410608016e-25,SHLD2,protein-coding
ENSG00000101412,1.458304383504577,0.9305536474790493,0.9305536474790493,6.292225239276221e-27,2.754366128544818,4.057593668469297e-25,E2F1,protein-coding
ENSG00000151952,1.3821574781663781,0.9304162659706003,0.9304162659706003,6.53021725723246e-27,1.6910247926540911,4.194084696499944e-25,TMEM132D,protein-coding
ENSG00000149201,-0.5732100064758896,0.06965242478362413,0.9303475752163759,6.652737152664027e-27,0.5807539377703133,4.25561435211376e-25,CCDC81,protein-coding
ENSG00000007372,-0.5524219018169714,0.0697211155378486,0.9302788844621515,6.777401301499337e-27,0.9715706345037733,4.318017917211257e-25,PAX6,protein-coding
ENSG00000163235,2.1087234214047554,0.9301758483308147,0.9301758483308147,6.968753192106177e-27,5.70338507924952,4.422243061508653e-25,TGFA,protein-coding
ENSG00000163864,-1.1442616654436435,0.06992718780052205,0.9300728121994779,7.16546068983561e-27,1.9495203422906755,4.529026105861174e-25,NMNAT3,protein-coding
ENSG00000269274,-1.1657087683385372,0.07016760544030773,0.9298323945596922,7.529217300307863e-27,0.2480633359945357,4.740133326454689e-25,,
ENSG00000120820,-2.3000418246167653,0.0704767138343179,0.9295232861656821,8.311336583678892e-27,2.6527874035966983,5.17120973065771e-25,GLT8D2,protein-coding
ENSG00000176532,4.352664201604987,0.9294889407885698,0.9294889407885698,8.388703659657096e-27,5.26023726656311,5.199037816771137e-25,PRR15,protein-coding
ENSG00000256542,-0.9581356098415033,0.07057974996565462,0.9294202500343454,8.135995638668608e-27,0.3228108594251015,5.0819662169691605e-25,,
ENSG00000112964,-1.5989424583952807,0.07057974996565462,0.9294202500343454,8.545586379329034e-27,1.5431679019548536,5.275740304261739e-25,GHR,protein-coding
ENSG00000145242,-1.8430574303350267,0.07064844071987911,0.9293515592801209,8.1065236045427e-27,0.43925723304614805,5.0819662169691605e-25,EPHA5,protein-coding
ENSG00000171791,-1.8111960242344356,0.07068278609699134,0.9293172139030086,8.786380744153402e-27,5.1663819459463785,5.403454536404454e-25,BCL2,protein-coding
ENSG00000266524,-2.196173730635391,0.07092320373677703,0.9290767962632229,9.346235630263904e-27,0.7972457202248027,5.703710387695151e-25,GDF10,protein-coding
ENSG00000143324,1.3374930790966353,0.928939414754774,0.928939414754774,9.728268301683056e-27,6.315878637515707,5.914193034702585e-25,XPR1,protein-coding
ENSG00000141985,0.7027697900082028,0.9289050693776618,0.9289050693776618,9.818703444858616e-27,5.9634553878075,5.923951078398032e-25,SH3GL1,protein-coding
ENSG00000131018,-2.0566906979592146,0.07116362137656271,0.9288363786234373,1.0002081772674085e-26,5.567856291054873,6.011817300949163e-25,SYNE1,protein-coding
ENSG00000151491,1.6778476090049885,0.9287676878692128,0.9287676878692128,1.0188855260215895e-26,6.299735135573136,6.101055886643563e-25,EPS8,protein-coding
ENSG00000142765,1.7219750556064137,0.9287333424921006,0.9287333424921006,1.0283534613839592e-26,5.323061696534015,6.134686866263559e-25,SYTL1,protein-coding
ENSG00000135205,-1.7845247847120493,0.07147272977057288,0.9285272702294272,1.0870209092541539e-26,2.77720842320966,6.46047352335827e-25,CCDC146,protein-coding
ENSG00000169760,-0.8487775763457062,0.07164445665613409,0.9283555433438659,1.1383579374348303e-26,0.2877554601698626,6.715468602763695e-25,NLGN1,protein-coding
ENSG00000145087,-2.7868349384102684,0.07164445665613409,0.9283555433438659,1.1381674496060189e-26,1.4614185292684099,6.715468602763695e-25,STXBP5L,protein-coding
ENSG00000092445,1.3926835570941951,0.9283211979667537,0.9283211979667537,1.1490051920363355e-26,3.275317233933377,6.753267416514669e-25,TYRO3,protein-coding
ENSG00000185046,-1.663351027391293,0.0717474927874708,0.9282525072125292,1.1704355141476462e-26,1.5386597997100455,6.853932672552835e-25,ANKS1B,protein-coding
ENSG00000163145,-1.5901111040996811,0.0719879104272565,0.9280120895727435,1.248609899022205e-26,0.907090098596651,7.28492984308633e-25,C1QTNF7,protein-coding
ENSG00000225194,-1.5385173915150956,0.07202225580436873,0.9279777441956313,1.2601923363985925e-26,1.2152065856287049,7.322180206223482e-25,LINC00092,ncRNA
ENSG00000116750,-0.8593000571533667,0.07212529193570545,0.9278747080642946,1.2955826317387213e-26,3.2826224959068115,7.476826144324041e-25,UCHL5,protein-coding
ENSG00000082482,-2.354194824806668,0.07219398268992994,0.9278060173100701,1.319721800144233e-26,1.7240201682547172,7.588638567760774e-25,KCNK2,protein-coding
ENSG00000151632,-1.470580593954002,0.07229701882126666,0.9277029811787334,1.3567690494163732e-26,0.8527659514732812,7.745741010431539e-25,AKR1C2,protein-coding
ENSG00000112232,-2.1085463002930034,0.07229701882126666,0.9277029811787334,1.3567583968405155e-26,1.3827867974140122,7.745741010431539e-25,KHDRBS2,protein-coding
ENSG00000034971,-2.581549543545301,0.07243440032971563,0.9275655996702844,1.2641885715164851e-26,0.5756597296121202,7.322180206223482e-25,MYOC,protein-coding
ENSG00000123119,-1.5484280346642663,0.0725030910839401,0.9274969089160598,1.4339845082375008e-26,1.3307734526947839,8.157323302573897e-25,NECAB1,protein-coding
ENSG00000189233,-1.9156526333477415,0.07253743646105235,0.9274625635389476,1.4472678763703624e-26,0.965988837487669,8.203588161860189e-25,NUGGC,protein-coding
ENSG00000115042,-1.1612089168084716,0.07257178183816458,0.9274282181618354,1.4606789554619792e-26,3.9164109681193167,8.2502462420561725e-25,FAHD2A,protein-coding
ENSG00000230102,-0.9855198420214337,0.07260612721527683,0.9273938727847232,1.4742103436032924e-26,0.6297774106395231,8.297251714810333e-25,LINC02028,ncRNA
ENSG00000260412,-1.1099622857401974,0.07281219947795027,0.9271878005220497,9.814466127398066e-27,0.28698704990427654,5.923951078398032e-25,,
ENSG00000237943,-0.9845732224876,0.07291523560928699,0.927084764390713,1.6017227806359156e-26,2.159259048023787,8.98318325703129e-25,PRKCQ-AS1,ncRNA
ENSG00000091137,-3.1328215200431115,0.07298392636351148,0.9270160736364885,1.6315112461484655e-26,5.9357894703182845,9.118144255667634e-25,SLC26A4,protein-coding
ENSG00000105641,-3.7314765290494125,0.07305261711773595,0.9269473828822641,1.6606660684756926e-26,1.0253456912189427,9.248632565972319e-25,SLC5A5,protein-coding
ENSG00000175445,1.8108593016404466,0.9268443467509273,0.9268443467509273,1.7084069651391133e-26,4.230194104407571,9.48136102464662e-25,LPL,protein-coding
ENSG00000003436,-1.5254020298356052,0.07318999862618492,0.9268100013738151,1.7242118936111253e-26,2.7625815990796565,9.535849667165973e-25,TFPI,protein-coding
ENSG00000134532,-1.1982573481480872,0.0732586893804094,0.9267413106195905,1.7562579117351507e-26,0.9902501460381256,9.6460951786612e-25,SOX5,protein-coding
ENSG00000157680,-3.097729766963679,0.0732586893804094,0.9267413106195905,1.7562579117351507e-26,3.1216517582026957,9.6460951786612e-25,DGKI,protein-coding
ENSG00000113594,-2.4137100225329062,0.07346476164308284,0.9265352383569172,1.8559816240905362e-26,4.19678522277844,1.0158788765812392e-24,LIFR,protein-coding
ENSG00000112562,-2.8265385227360675,0.07373952465998077,0.9262604753400192,1.9977284706530936e-26,3.7945691196665456,1.0897198315261122e-24,SMOC2,protein-coding
ENSG00000076555,-1.601952317341742,0.07391125154554197,0.926088748454458,2.0917169639503172e-26,4.149154639619832,1.1370944642252782e-24,ACACB,protein-coding
ENSG00000250343,0.9829114126246734,0.9258483308146723,0.9258483308146723,2.2306903759670572e-26,1.2371139374113433,1.2085182417824248e-24,STK32A-AS1,
ENSG00000101236,1.0795011326854835,0.9257796400604479,0.9257796400604479,2.2720747435970036e-26,5.312955366310856,1.2267663225767144e-24,RNF24,protein-coding
ENSG00000164176,1.531627130253491,0.9256422585519989,0.9256422585519989,2.357103742976143e-26,3.5043019519752603,1.2683766357474326e-24,EDIL3,protein-coding
ENSG00000099953,1.7072888647225728,0.9255735677977744,0.9255735677977744,2.400793690092624e-26,2.583202405362963,1.2875367641681923e-24,MMP11,protein-coding
ENSG00000105223,1.0322537702001728,0.9255048770435499,0.9255048770435499,2.4452863241762125e-26,8.184022150699906,1.3069973346133796e-24,PLD3,protein-coding
ENSG00000167311,-0.9636928139188278,0.07459815908778679,0.9254018409122132,2.5135574723750556e-26,0.4335725996218899,1.338994763210364e-24,ART5,protein-coding
ENSG00000140945,1.5541941777641548,0.9253331501579888,0.9253331501579888,2.5601262197376976e-26,3.7294163349603084,1.3547405457801344e-24,CDH13,protein-coding
ENSG00000174839,-1.0855499719547073,0.07466684984201126,0.9253331501579887,2.5601262197376976e-26,4.114099414715193,1.3547405457801344e-24,DENND6A,protein-coding
ENSG00000136895,-1.188494836698382,0.07497595823602143,0.9250240417639786,2.7804713963961063e-26,2.2090337970350102,1.4664684901257345e-24,GARNL3,protein-coding
