ImmuneScore,StromalScore,ESTIMATEScore,PurityIndex,PHLDA3,sample_type,tumor,patient
-0.33093461831002374,0.1713167833478618,-2.715105893390284,2.715105893390284,5.63997176457661,01,1,TCGA-J8-A3YE
0.36481691031530233,0.29530693560955135,3.2782464715685413,-3.2782464715685413,3.768595868222791,01,1,TCGA-BJ-A28W
-0.24832184339093058,0.36335427928682834,0.2687101552933581,-0.2687101552933581,6.3793757734530425,01,1,TCGA-EL-A4K9
-0.21814721057838704,0.35051536119200083,0.295210709469992,-0.295210709469992,4.195244204568734,11,0,TCGA-EL-A3ZQ
0.06707552538716686,0.336070399165609,1.9157303789035187,-1.9157303789035187,5.316917572531732,01,1,TCGA-E3-A3E2
-0.2827133569009425,0.2753728724009625,-1.0764297131040872,1.0764297131040872,4.459069794428753,01,1,TCGA-EM-A1YB
-0.20954658901348136,0.4019910409507002,1.0092834451347472,-1.0092834451347472,5.88764834072406,01,1,TCGA-DJ-A4UQ
-0.2864667700961714,0.32676898215945493,-0.441584675861912,0.441584675861912,5.8848814072704,01,1,TCGA-EM-A4FU
0.16477426799057018,0.26987855961096335,1.686015442291581,-1.686015442291581,4.911391014934434,11,0,TCGA-BJ-A3PR
-0.274933827190334,0.33050490544858757,-0.3207012689230677,0.3207012689230677,5.262176325462967,01,1,TCGA-FK-A3S3
-0.20030591914126802,0.1610344070591774,-2.01991364592596,2.01991364592596,6.8862131255414445,01,1,TCGA-BJ-A3PU
-0.011884170528235552,0.2949338085734947,0.8887331190349685,-0.8887331190349685,5.946750771069849,01,1,TCGA-FE-A23A
-0.1849315008295725,0.3308370049855404,0.2533202502674018,-0.2533202502674018,6.310118111394882,01,1,TCGA-FY-A3ON
-0.17238658416556607,0.36978091288530585,0.8317764620088817,-0.8317764620088817,6.201432239470668,01,1,TCGA-E8-A44K
-0.15123913146357207,0.3060751286758794,0.14930545623828384,-0.14930545623828384,3.753216124329912,11,0,TCGA-KS-A41J
-0.14518707117902818,0.2877244927614529,-0.04753251088832272,0.04753251088832272,5.410301890353786,01,1,TCGA-FE-A3PD
-0.28377057658222243,0.3986193128568897,0.4961970022187828,-0.4961970022187828,6.696842402562147,01,1,TCGA-FY-A4B3
0.20678879557873298,0.40006765506366837,3.620276216048052,-3.620276216048052,3.610255695927233,01,1,TCGA-BJ-A28T
-0.013825193314271494,0.3950032043297979,2.158766755122621,-2.158766755122621,6.03616960109482,01,1,TCGA-EL-A3ZP
-0.2748453083552378,0.1507032006061249,-2.6241777540098883,2.6241777540098883,5.55441810898663,01,1,TCGA-ET-A39T
-0.18168561312657025,0.19576038451700895,-1.45704668287918,1.45704668287918,5.356719963211677,01,1,TCGA-FY-A40N
-0.4570726786819501,0.28089986065448197,-2.1093987323247845,2.1093987323247845,4.994684025679625,01,1,TCGA-DE-A2OL
-0.19112561321161062,0.2865513095587473,-0.3533831431458717,0.3533831431458717,5.88085849091377,01,1,TCGA-KS-A4I9
-0.4188142522275953,0.3181457587324475,-1.3899202302453377,1.3899202302453377,5.203658028872482,01,1,TCGA-EM-A3AI
-0.26139599032608124,0.3121565678872469,-0.4701205630706631,0.4701205630706631,4.968342649742272,01,1,TCGA-DJ-A3UK
-0.23220184362690438,0.28378344079581486,-0.6488873923441666,0.6488873923441666,5.683343276970565,01,1,TCGA-EL-A3T7
-0.23895496040599543,0.33228216996205917,-0.07016015054945848,0.07016015054945848,4.845554168543851,01,1,TCGA-EL-A3GO
-0.27107395444187093,0.22984049528180156,-1.5862121999295495,1.5862121999295495,6.485048892393548,01,1,TCGA-BJ-A192
0.009245557812250354,0.21404723915173512,-0.014010198072757829,0.014010198072757829,5.802441813389698,01,1,TCGA-EL-A3T6
0.051412895877669375,0.39389953108014014,2.557618121310062,-2.557618121310062,5.657412119480019,01,1,TCGA-EL-A3ZS
-0.3741018853865707,0.3579374461307859,-0.5969620537567484,0.5969620537567484,4.55397190508162,11,0,TCGA-EL-A3MY
-0.21998293459974738,0.3999842475769748,0.917499749328558,-0.917499749328558,5.391293762489443,01,1,TCGA-EL-A3GR
0.14271214949369518,0.46093363961259853,3.9945909180417,-3.9945909180417,6.434190964709728,01,1,TCGA-DJ-A2Q9
0.12873253930783451,0.47431554240415236,4.077572043874407,-4.077572043874407,5.487403024748762,01,1,TCGA-EL-A3CV
-0.18753162186626252,0.4346157544734744,1.5667142711845856,-1.5667142711845856,6.319029678706263,01,1,TCGA-ET-A25L
-0.3535321105201854,0.32401300887528317,-0.901462332797362,0.901462332797362,5.305805039852283,01,1,TCGA-DJ-A1QL
-0.29734969211997825,0.4452773747429821,1.0081248891575254,-1.0081248891575254,4.963511160091244,01,1,TCGA-EL-A3D0
0.05826375861901899,0.3273153832671992,1.747757297262898,-1.747757297262898,4.355610049001186,11,0,TCGA-BJ-A2NA
-0.34680694601267664,0.3059009633203344,-1.0909817939739828,1.0909817939739828,2.879619426075499,11,0,TCGA-EL-A3GZ
0.08980985219691265,0.46293793377924386,3.6853729730210256,-3.6853729730210256,5.574893801709674,01,1,TCGA-EM-A22P
0.028467591261423085,0.36820714373708674,2.0831307869182427,-2.0831307869182427,6.295903908410862,01,1,TCGA-EM-A3FQ
-0.04869529336883608,0.4502280635214506,2.6456883021708824,-2.6456883021708824,6.219510330849795,01,1,TCGA-FE-A3PB
-0.18512466754112455,0.12521971248551422,-2.382748705494847,2.382748705494847,5.817348665406474,01,1,TCGA-E8-A418
-0.2731391734334049,0.23940728380905846,-1.4766943058368596,1.4766943058368596,5.90337051463349,01,1,TCGA-L6-A4EQ
-0.38978921323054777,0.3041848615728831,-1.3850746589222316,1.3850746589222316,5.672024299289815,01,1,TCGA-E3-A3DZ
-0.12240612661712154,0.4202956802052586,1.7954936414300382,-1.7954936414300382,5.80713129371582,01,1,TCGA-ET-A40T
-0.14273106752355472,0.34213411517324166,0.6652377849582395,-0.6652377849582395,5.797647715502228,01,1,TCGA-EM-A4FF
-0.1680960996522023,0.4376092320918536,1.72811155992337,-1.72811155992337,5.259329504947285,01,1,TCGA-DJ-A3UV
-0.329487442758469,0.3186676863792942,-0.8177425985480371,0.8177425985480371,5.253933248329674,01,1,TCGA-DJ-A3VG
-0.27286702356127823,0.35736210823186376,0.03653960513303234,-0.03653960513303234,6.493870891997787,01,1,TCGA-ET-A39P
-0.21129757473952132,0.4772173749550262,1.962173142466326,-1.962173142466326,5.4821605915499525,01,1,TCGA-DJ-A4UW
-0.21254353633042486,0.34308717564006447,0.2354979948109016,-0.2354979948109016,6.059331800387852,01,1,TCGA-EM-A22I
-0.30372798339035195,0.19965785804610847,-2.1797007843317906,2.1797007843317906,5.695763675289303,01,1,TCGA-IM-A41Y
-0.39199237197824094,0.12746324564934208,-3.6635895160594623,3.6635895160594623,4.40120524208547,01,1,TCGA-EL-A4K6
-0.16539283101680624,0.2540365869828076,-0.6071341136278863,0.6071341136278863,6.108930411423055,01,1,TCGA-DJ-A4UL
0.08134533793555035,0.3443673815180954,2.112386603900764,-2.112386603900764,4.864674085481297,01,1,TCGA-DJ-A4V0
-0.3151809695691057,0.3319018846223711,-0.5575872189093434,0.5575872189093434,4.450583505213245,11,0,TCGA-EL-A3T8
-0.2659532175557128,0.3740583360754548,0.29425875952218034,-0.29425875952218034,4.322960980224253,11,0,TCGA-EL-A3TB
-0.3078956251130469,0.19032789255522226,-2.3256415033654827,2.3256415033654827,6.221155468658808,01,1,TCGA-DJ-A13M
-0.3044863939091757,0.18160155213359416,-2.415881263866803,2.415881263866803,5.851870303271292,01,1,TCGA-J8-A3O1
-0.3406605174851296,0.32588323409235387,-0.7960121645617487,0.7960121645617487,2.991737560906133,01,1,TCGA-EL-A3D5
-0.327584039657014,0.41385597948549396,0.4140804199874569,-0.4140804199874569,5.111412750025286,01,1,TCGA-BJ-A290
-0.27091231678353733,0.2786915532418773,-0.9591957773048155,0.9591957773048155,6.36510675742006,01,1,TCGA-BJ-A0ZF
-0.3361257253789706,0.3026779889009714,-1.0646638260049621,1.0646638260049621,3.4779154916574884,11,0,TCGA-EL-A3ZT
-0.156476795675925,0.3590574115940001,0.7950800736874979,-0.7950800736874979,5.6176196166848325,01,1,TCGA-FY-A3R7
-0.2707754513510275,0.20932846211479425,-1.8471702941563761,1.8471702941563761,7.288942597156851,01,1,TCGA-KS-A4I1
0.04465187079139216,0.3359191127867283,1.7718372659694952,-1.7718372659694952,6.073022506858411,01,1,TCGA-ET-A39M
-0.46449882450243873,0.21996100376479105,-2.9373005634447393,2.9373005634447393,4.723403472102613,01,1,TCGA-BJ-A190
-0.1353013411048675,0.4615450417939037,2.2424421860531747,-2.2424421860531747,6.03866455563081,01,1,TCGA-E8-A413
-0.10223034777795342,0.40233343897686036,1.6930438559707313,-1.6930438559707313,5.637031400748341,01,1,TCGA-CE-A481
-0.11200933481327317,0.4521787467602879,2.2698711103274354,-2.2698711103274354,6.954926512410303,06,0,TCGA-DE-A4MD
-0.31198219740934946,0.34332953029206803,-0.39089964667310956,0.39089964667310956,5.48663412345913,01,1,TCGA-E3-A3E5
0.10558566604388012,0.3308186213989148,2.092223491917521,-2.092223491917521,5.279296462048265,01,1,TCGA-EM-A22M
-0.27034267911119914,0.2946666893082269,-0.7508791167906681,0.7508791167906681,5.889338352889544,01,1,TCGA-DJ-A3V8
-0.24959017109617768,0.29849481918192294,-0.570449056897571,0.570449056897571,5.862181083551281,01,1,TCGA-EM-A1CU
0.10353737350427537,0.2961366377851244,1.634830546023444,-1.634830546023444,5.3243962765200505,01,1,TCGA-DJ-A3V2
-0.04151303469925978,0.23329451247732627,-0.08870019390082806,0.08870019390082806,4.102561646389022,01,1,TCGA-FE-A230
-0.30122280975176213,0.3458459397822674,-0.2905405261382592,0.2905405261382592,6.208224627477032,01,1,TCGA-DJ-A3VE
0.0323099291335213,0.2793768132096357,0.9691545518272926,-0.9691545518272926,5.959015371883207,01,1,TCGA-KS-A4ID
-0.21898030595241397,0.3281221055538745,0.0029823640508589433,-0.0029823640508589433,6.663525850478288,01,1,TCGA-DJ-A2PW
-0.2888674912120618,0.17950983383298744,-2.3438086818902626,2.3438086818902626,5.748822194083631,01,1,TCGA-DE-A0Y3
-0.21758412903183327,0.24547660636339041,-1.047225042983171,1.047225042983171,6.986738134201914,01,1,TCGA-EL-A3CX
-0.2415188862057281,0.3201023859345968,-0.24246692719988602,0.24246692719988602,5.662615925527789,01,1,TCGA-FY-A4B0
-0.29169970940832946,0.23861071296828965,-1.6044005644379222,1.6044005644379222,6.2736361456184335,01,1,TCGA-EM-A4FR
-0.3568963134877491,0.26149005698326483,-1.7239488593030297,1.7239488593030297,2.5502375639740165,11,0,TCGA-DO-A1JZ
-0.3182266987276247,0.3208557738272938,-0.7184168313854953,0.7184168313854953,4.478343041643841,01,1,TCGA-DJ-A2Q0
-0.19025856032445437,0.31160894557551627,-0.02679760048315801,0.02679760048315801,4.539411366140771,01,1,TCGA-DJ-A2Q2
-0.07647469267567347,0.4809964190099199,2.864104513516682,-2.864104513516682,5.89117383343315,01,1,TCGA-DJ-A3VF
-0.32350776771985545,0.23505123808879122,-1.851375910910011,1.851375910910011,4.484626862760746,01,1,TCGA-EL-A3CZ
0.07052986504483558,0.35265204450615023,2.150080847691479,-2.150080847691479,4.480769483305795,01,1,TCGA-EL-A3CW
-0.35290719518447466,0.24472096054801332,-1.9135800664618303,1.9135800664618303,3.334429884199194,01,1,TCGA-FY-A3R9
-0.22861467367264388,0.3728221405776913,0.5147919613205258,-0.5147919613205258,5.553323054182554,01,1,TCGA-DJ-A2PU
-0.07507820275462311,0.17124557441809077,-1.0963018319030742,1.0963018319030742,3.6313983084727535,01,1,TCGA-BJ-A2N9
-0.2766838649330105,0.2423532337248302,-1.461383868591608,1.461383868591608,5.368052233768944,01,1,TCGA-DE-A0Y2
-0.21129749813377938,0.3774687660510017,0.6839628795710262,-0.6839628795710262,5.772453178456683,01,1,TCGA-DJ-A3V9
-0.2024740902669847,0.4559855705974408,1.7459596470574,-1.7459596470574,5.874992705021078,01,1,TCGA-BJ-A18Z
-0.34684872470170625,0.21011593868732023,-2.3186663813712762,2.3186663813712762,4.150981130269016,01,1,TCGA-EM-A2OV
-0.3858382839106377,0.2417483905212267,-2.1601440463637087,2.1601440463637087,4.34076971704761,01,1,TCGA-EM-A3O8
-0.20962298480653746,0.4307379173158094,1.3771715334041446,-1.3771715334041446,5.883790469078136,01,1,TCGA-E8-A432
-0.10659553865435083,0.35666757990414943,1.080232714624847,-1.080232714624847,5.996723195160898,01,1,TCGA-E8-A436
-0.19494580919388438,0.3109859575556142,-0.06445371916235255,0.06445371916235255,7.008190211376675,01,1,TCGA-BJ-A45D
0.20397404058721158,0.3661304278440302,3.167574675032134,-3.167574675032134,4.882101661627084,01,1,TCGA-EM-A2P1
-0.15617965801758463,0.3152631303383088,0.2357671222700915,-0.2357671222700915,5.461370198956956,01,1,TCGA-DJ-A2PS
-0.2653848840119379,0.29337517257833173,-0.7360433661382609,0.7360433661382609,5.009533933927663,01,1,TCGA-EL-A3H4
-0.3084678805719113,0.3261748883180674,-0.588477121520738,0.588477121520738,5.10086481385426,01,1,TCGA-EL-A3ZG
0.011109914661178317,0.31904184843744404,1.3432269241536006,-1.3432269241536006,3.5029962358385847,11,0,TCGA-H2-A2K9
-0.07644510564081265,0.34265660961554056,1.0915610166420626,-1.0915610166420626,6.0648134089586,01,1,TCGA-EL-A3T1
-0.3715727684163138,0.26408336038925073,-1.7836277383361328,1.7836277383361328,2.411646651323032,11,0,TCGA-EL-A3ZG
-0.1175413689082355,0.20816001451196217,-0.8920843075318816,0.8920843075318816,6.403486142111411,01,1,TCGA-KS-A41J
0.022569436327331757,0.2564030629988865,0.6130986730214769,-0.6130986730214769,5.792730776003084,01,1,TCGA-E8-A419
-0.24504624039948814,0.4183927031917451,0.9947266453682337,-0.9947266453682337,4.381250033689536,11,0,TCGA-EL-A3MW
-0.115168400698324,0.47819012550399875,2.583190598430046,-2.583190598430046,6.668353098136582,01,1,TCGA-ET-A3BV
-0.272445632561984,0.38127881123596474,0.34568357222077606,-0.34568357222077606,6.924060179746753,01,1,TCGA-IM-A3U2
-0.2866911236002033,0.2916218633344365,-0.8933914429743897,0.8933914429743897,5.3797464810912805,01,1,TCGA-DJ-A13T
-0.2773278059362005,0.3642108893816781,0.0960628007296922,-0.0960628007296922,5.607006286005077,01,1,TCGA-E8-A434
-0.041701545708458986,0.32059458203742214,1.0287975862223566,-1.0287975862223566,5.47106031401038,01,1,TCGA-DE-A0XZ
0.13110030004346684,0.35860729610316955,2.6098386421676225,-2.6098386421676225,4.08460126147288,11,0,TCGA-BJ-A28R
-0.2429471060656069,0.35472483025514767,0.19215476328559983,-0.19215476328559983,6.338551695226514,01,1,TCGA-DJ-A1QE
0.0016081105947562569,0.38365188828722396,2.1110089284501585,-2.1110089284501585,4.954051400345913,11,0,TCGA-EM-A1YC
-0.1640406688323645,0.4035353073134462,1.3171505140741413,-1.3171505140741413,6.543705568705414,01,1,TCGA-E8-A433
-0.291951537404825,0.2862511288090478,-0.995515171837669,0.995515171837669,3.0763823214096138,11,0,TCGA-ET-A2MX
-0.2954343177353557,0.36229084335184447,-0.04316579905940321,0.04316579905940321,4.634062983433528,11,0,TCGA-BJ-A290
-0.3112843883805805,0.3382096484007894,-0.45208993165312217,0.45208993165312217,5.087108930545058,01,1,TCGA-EL-A3CS
-0.3924677621518542,0.3296451531304847,-1.0757750336829794,1.0757750336829794,5.8349252860221865,01,1,TCGA-J8-A4HW
-0.28713396728523166,0.2601489731477668,-1.299498629946112,1.299498629946112,3.8756921266919067,11,0,TCGA-EL-A3TA
-0.26640493259499964,0.31391918830908255,-0.47924323019422077,0.47924323019422077,5.664381133932619,01,1,TCGA-FK-A3SG
-0.2830746227122229,0.330577959239586,-0.37130099755755597,0.37130099755755597,5.776115711439765,01,1,TCGA-BJ-A0ZB
-0.28164093025088904,0.3189289422198087,-0.5114991590133252,0.5114991590133252,7.215479964236625,01,1,TCGA-ET-A39N
0.05139900044726316,0.2932275247538233,1.2674866960031324,-1.2674866960031324,5.049580737035169,01,1,TCGA-DJ-A3US
-0.05077081858594713,0.38434874781761574,1.788350313296195,-1.788350313296195,6.112809695979109,01,1,TCGA-IM-A4EB
0.21628663129190664,0.3164451663322131,2.60883745655088,-2.60883745655088,3.8957932184974116,11,0,TCGA-BJ-A2N9
-0.2346428009465724,0.4097454274036405,0.9497773586750571,-0.9497773586750571,5.869492507593161,01,1,TCGA-DJ-A3V5
-0.23950581027240136,0.23499531687841657,-1.3203123605552713,1.3203123605552713,5.87134680440913,01,1,TCGA-CE-A3ME
-0.22266925904541335,0.28408801511178267,-0.5846377997945906,0.5846377997945906,5.729160962774863,01,1,TCGA-DE-A69J
-0.3139798161449307,0.34957011078457434,-0.3235769038044702,0.3235769038044702,5.809385377982499,01,1,TCGA-J8-A3YH
-0.3195596950940256,0.3160495288635334,-0.7884442245199237,0.7884442245199237,4.184709262645787,11,0,TCGA-BJ-A3PU
0.19065821697876695,0.2842786567101684,2.0344030279420746,-2.0344030279420746,4.164709260273871,01,1,TCGA-EM-A2CP
0.206957499816764,0.38094002302855906,3.3762365825440646,-3.3762365825440646,5.848425225325007,01,1,TCGA-E8-A2JQ
-0.16890904946967064,0.29293543237146535,-0.13093146285905471,0.13093146285905471,5.674753193563879,01,1,TCGA-EL-A3GY
-0.2854157386655389,0.3976322803744369,0.4731340394136335,-0.4731340394136335,5.783255826035519,06,0,TCGA-EM-A2CS
-0.2798876288617228,0.37962462890268767,0.2773742808294043,-0.2773742808294043,5.493491492031076,01,1,TCGA-ET-A39S
-0.09196899743833875,0.3223737925619056,0.7333754172903669,-0.7333754172903669,5.054514383621086,01,1,TCGA-DJ-A3UZ
-0.26207283168478224,0.3630479105915585,0.17773267548082983,-0.17773267548082983,5.283691046635725,01,1,TCGA-EL-A3GZ
-0.270250743390711,0.26144600600702866,-1.175997629080951,1.175997629080951,5.8904670874775364,01,1,TCGA-DJ-A13U
-0.29502176299647087,0.319855944049554,-0.5843285372973838,0.5843285372973838,5.434246855204766,01,1,TCGA-FK-A3SE
0.08918478043122187,0.34548232585146893,2.176301986527844,-2.176301986527844,5.861482480345004,06,0,TCGA-J8-A4HW
-0.2983831836885987,0.1883950662704465,-2.2901901991666094,2.2901901991666094,5.725004009920711,01,1,TCGA-FY-A3RA
-0.4559676862962554,0.29338340560589754,-1.9424353433848434,1.9424353433848434,4.609744658817829,01,1,TCGA-BJ-A28V
0.02060603465639577,0.28306532617720825,0.9423280377231373,-0.9423280377231373,5.618057677821985,01,1,TCGA-DJ-A3VL
-0.09496101031907611,0.3769886533647269,1.4142866621972403,-1.4142866621972403,5.638106251896364,01,1,TCGA-J8-A3YF
-0.4150422649501489,0.2026229908196732,-2.8463872999847197,2.8463872999847197,5.182796399227265,01,1,TCGA-EM-A4FK
-0.3874796570186184,0.31623148841255605,-1.2160845053824842,1.2160845053824842,3.9216794922412688,11,0,TCGA-EM-A1CT
-0.24489146143250973,0.1715543537838721,-2.167359493968371,2.167359493968371,6.057110858256974,01,1,TCGA-ET-A3BX
0.09848327723871504,0.39556649463264243,2.8769614000999857,-2.8769614000999857,5.983693132483743,01,1,TCGA-E8-A2EA
-0.26126084131910604,0.2488750307346792,-1.280174957767737,1.280174957767737,5.781502343076609,06,0,TCGA-J8-A3O2
-0.25739838305594,0.3886383317235078,0.5352484773342318,-0.5352484773342318,4.687539674247142,01,1,TCGA-E8-A416
-0.1089581841100319,0.37837588913186254,1.3434530803865237,-1.3434530803865237,5.794824061734882,01,1,TCGA-MK-A4N6
-0.34311422751437554,0.2875574644733397,-1.3026642791312801,1.3026642791312801,5.747834258095318,01,1,TCGA-EM-A1YE
0.06660281283570561,0.35939167950498024,2.2115842247701787,-2.2115842247701787,5.9204414475136415,01,1,TCGA-DJ-A3UW
-0.4252830474015859,0.2475938511071376,-2.3349462106784467,2.3349462106784467,4.85071922185666,01,1,TCGA-DJ-A2PP
-0.3627060516151052,0.14562671778394784,-3.2454378876938152,3.2454378876938152,4.126150469577478,01,1,TCGA-EM-A2OY
-0.24627492999443132,0.3038502939473905,-0.48083492047429943,0.48083492047429943,5.769914557382714,01,1,TCGA-EM-A3AN
-0.09330172603008904,0.2704321553386088,0.05934164690451038,-0.05934164690451038,5.831192062027714,01,1,TCGA-BJ-A28R
-0.30635702284859523,0.30923640782616824,-0.7921693276400252,0.7921693276400252,4.607822014996338,01,1,TCGA-BJ-A2N7
-0.20960600551543376,0.3835694034640084,0.7728465188185009,-0.7728465188185009,5.7301240556914985,01,1,TCGA-EL-A4K1
-0.34032552693781376,0.25703350289105226,-1.6761540776539174,1.6761540776539174,5.155126029646614,01,1,TCGA-DJ-A13S
-0.2195909872941228,0.3526407681715603,0.3133064305678639,-0.3133064305678639,6.122979384276791,01,1,TCGA-DJ-A2QA
-0.23643502485329845,0.24628399842145515,-1.1562157481450082,1.1562157481450082,6.335046981254766,01,1,TCGA-KS-A4IC
0.2438259885251742,0.2055706218355611,1.3623951789772184,-1.3623951789772184,4.435167933835633,01,1,TCGA-DJ-A13R
-0.3410290232817782,0.24520608179856776,-1.8321679863140332,1.8321679863140332,5.185905791941186,01,1,TCGA-ET-A3BW
-0.2598512490715093,0.4049682719077458,0.7289775453706016,-0.7289775453706016,5.524106142377945,01,1,TCGA-FE-A22Z
0.0024666474388498234,0.42445402068913685,2.639295598913706,-2.639295598913706,7.414631949172392,01,1,TCGA-EL-A3ZO
-0.03433299147869395,0.2609297019826366,0.3108797654732919,-0.3108797654732919,6.225467644554632,01,1,TCGA-DJ-A13O
-0.4442542962385094,0.2594262847047666,-2.3034203915437264,2.3034203915437264,4.879065300651359,01,1,TCGA-EM-A4FH
0.39365252434956244,0.276491173194152,3.219681070765086,-3.219681070765086,3.7304062493596404,11,0,TCGA-EL-A3ZS
-0.07530990313187709,0.32191149408771513,0.8329129130479327,-0.8329129130479327,5.388754155078997,01,1,TCGA-IM-A3ED
-0.2621100134032665,0.30931794710840715,-0.5110157344411776,0.5110157344411776,6.081230841314545,01,1,TCGA-EM-A3AQ
-0.10662345629739485,0.3911089905756928,1.521399290775917,-1.521399290775917,5.191073290498634,01,1,TCGA-DJ-A3UU
-0.30695222206163914,0.24305374354965703,-1.6440232175465757,1.6440232175465757,6.688714452500679,01,1,TCGA-H2-A3RH
-0.20082734484442583,0.29997344638075996,-0.24280504244949433,0.24280504244949433,5.873379312614894,01,1,TCGA-DJ-A1QN
-0.14684841029947782,0.27674268595181006,-0.19877413550190703,0.19877413550190703,6.419748721982552,01,1,TCGA-ET-A39K
0.15739488539079474,0.35428382049499074,2.720895908317855,-2.720895908317855,5.633398712777903,01,1,TCGA-ET-A3DU
-0.35888381176153383,0.17740086979775488,-2.814076735989141,2.814076735989141,4.9384593016840945,01,1,TCGA-EM-A1YC
-0.014861841264918744,0.4083051282620327,2.3226593146915766,-2.3226593146915766,6.298527505074198,01,1,TCGA-BJ-A45I
-0.29319675563271647,0.22486911596301104,-1.7899669605798985,1.7899669605798985,5.849172158336253,01,1,TCGA-EL-A3GS
-0.28571984923664306,0.33623256053454903,-0.31558690598812056,0.31558690598812056,6.195622736391184,01,1,TCGA-E8-A438
-0.32908625713711803,0.3282059158474851,-0.6929769261595253,0.6929769261595253,5.508129456536086,01,1,TCGA-ET-A25P
0.2000546869324801,0.3871240349000701,3.411781769526843,-3.411781769526843,5.508982565180954,01,1,TCGA-BJ-A28Z
-0.3606683195840918,0.2820492924285552,-1.4843751484907637,1.4843751484907637,4.134449804846086,01,1,TCGA-EM-A2CQ
-0.33493673796295953,0.22875151729076215,-2.0044544374363604,2.0044544374363604,6.723185450633553,01,1,TCGA-EL-A4K7
-0.23489075516603886,0.3365077013416946,0.009715896757589881,-0.009715896757589881,6.027858318499246,01,1,TCGA-DJ-A4UR
-0.15939380683022608,0.3696102950844133,0.9118417771054794,-0.9118417771054794,6.342601576181217,01,1,TCGA-FY-A40L
-0.18020099041427798,0.3108866806128174,0.02761719894353535,-0.02761719894353535,6.27097050212134,01,1,TCGA-FY-A4B4
-0.3407103842495696,0.3249713913445188,-0.8080124956945174,0.8080124956945174,5.5089937748850195,01,1,TCGA-MK-A84Z
-0.31275107825736326,0.40883508280551234,0.44364211316488866,-0.44364211316488866,5.607605127682215,01,1,TCGA-ET-A39J
-0.2580940777028215,0.3393722248853888,-0.10046739939899713,0.10046739939899713,5.980144741929664,01,1,TCGA-ET-A3BU
-0.20393193322838862,0.3506482395531725,0.3869042420139667,-0.3869042420139667,6.31062618292528,01,1,TCGA-J8-A3YG
-0.37965917818260075,0.12231309669625992,-3.651509053030672,3.651509053030672,4.817886086269933,01,1,TCGA-EM-A3OA
-0.2864658660641276,0.2262963796532091,-1.7290671874915007,1.7290671874915007,5.732542350293582,01,1,TCGA-BJ-A2N8
-0.01592738055900001,0.415660126759831,2.410163160930348,-2.410163160930348,5.612690917745992,01,1,TCGA-EL-A3CU
-0.3406794534501401,0.2738374498623129,-1.4630634540086644,1.4630634540086644,4.899902170798782,01,1,TCGA-EM-A2CO
-0.0841904502010419,0.36953460676121463,1.3869518804536631,-1.3869518804536631,5.74590006078215,01,1,TCGA-J8-A3O2
-0.3075823909083379,0.23998660318772658,-1.6873158673863498,1.6873158673863498,4.320615708697385,01,1,TCGA-EM-A1CV
-0.22977392765209706,0.12982339870218132,-2.6064107880329344,2.6064107880329344,5.354713421642137,01,1,TCGA-FY-A3NN
-0.23836359942842075,0.37447150380303834,0.4742111900827595,-0.4742111900827595,5.820039982383374,01,1,TCGA-EL-A4KD
-0.09920765316093429,0.17882600109422084,-1.1519169448445914,1.1519169448445914,6.006751631488746,01,1,TCGA-EL-A3GX
-0.3013888744283431,0.27059266471990817,-1.2559114736727572,1.2559114736727572,3.455084705528843,11,0,TCGA-BJ-A2N7
-0.27002096425070715,0.20130919707724546,-1.9451554026334947,1.9451554026334947,5.612349213923227,01,1,TCGA-BJ-A0Z5
-0.4578152330873408,0.33266576310138657,-1.4507546049651479,1.4507546049651479,5.050968206155638,01,1,TCGA-BJ-A45K
-0.2147715916280636,0.21009474489051264,-1.4828146320555815,1.4828146320555815,5.056626299364798,06,0,TCGA-EM-A3FQ
-0.21573402518473095,0.29553810674245734,-0.39400867118649463,0.39400867118649463,6.176251452776679,01,1,TCGA-BJ-A0ZH
-0.2467232935045935,0.3014050005134698,-0.5150080926986619,0.5150080926986619,6.613235608056576,01,1,TCGA-ET-A3BP
-0.23116468715634617,0.29580326911652244,-0.4882956573195286,0.4882956573195286,5.171941523508119,01,1,TCGA-DJ-A1QD
-0.43072407653850964,0.1528055305094261,-3.5840390366995796,3.5840390366995796,4.024834072476656,01,1,TCGA-FY-A2QD
-0.19226061914060533,0.36742928982766365,0.675828068938829,-0.675828068938829,5.77863882762661,01,1,TCGA-ET-A25R
-0.12897644675063413,0.22257894341029455,-0.7797060595105937,0.7797060595105937,6.018266456376468,01,1,TCGA-EM-A3SZ
-0.14588534487079016,0.34285137823430595,0.6544606557519363,-0.6544606557519363,6.653536850360856,01,1,TCGA-EM-A3FM
-0.22926807907888547,0.2751279167850849,-0.7412296628029851,0.7412296628029851,5.2354343809511,01,1,TCGA-EL-A3MW
-0.24416630359345132,0.36552660474450377,0.32285396139420236,-0.32285396139420236,6.20062403474542,01,1,TCGA-DJ-A4V4
-0.3796144067081458,0.299013867783592,-1.3869251267320275,1.3869251267320275,4.522547250717867,01,1,TCGA-BJ-A28S
-0.05626554838997037,0.3339829367921869,1.108161852882699,-1.108161852882699,5.52228491396639,01,1,TCGA-DJ-A2PO
-0.21796450317227445,0.43362699411869404,1.3613865394080944,-1.3613865394080944,5.136045259490298,01,1,TCGA-EL-A3T0
-0.18200004209813947,0.42656040928376615,1.4985085322284928,-1.4985085322284928,4.262088361013935,01,1,TCGA-EL-A3GQ
-0.20287849089592302,0.3729262005338174,0.6790500861262857,-0.6790500861262857,5.780380391733196,01,1,TCGA-DJ-A1QH
-0.29361633185921315,0.2048712733441443,-2.0488819020700033,2.0488819020700033,4.679387279376943,01,1,TCGA-ET-A2N5
-0.08405597964250947,0.36186497170764603,1.2895219858453961,-1.2895219858453961,6.317185340938985,01,1,TCGA-ET-A40Q
-0.29997421458388623,0.22746922244620804,-1.799553527962914,1.799553527962914,3.6400643189043644,11,0,TCGA-EL-A3ZH
-0.22965280844102978,0.3289749967227918,-0.053651421956067175,0.053651421956067175,5.837011004991033,01,1,TCGA-EL-A4KH
-0.45422494520186824,0.24591470789244219,-2.5396819572472884,2.5396819572472884,5.257271180772257,01,1,TCGA-ET-A2N3
-0.2893686439198172,0.18123692520205573,-2.324849759282116,2.324849759282116,5.640406000187278,01,1,TCGA-FY-A3BL
-0.3455169442026481,0.26254940336980936,-1.6383361777458927,1.6383361777458927,4.880474658531071,01,1,TCGA-EM-A2CK
0.08935400816453612,0.41895837618131926,3.118919028834964,-3.118919028834964,6.595466132568702,01,1,TCGA-H2-A26U
-0.22722770068891981,0.4347309847290301,1.3168921239941196,-1.3168921239941196,6.149365249242014,01,1,TCGA-EM-A2P3
-0.32454074496470575,0.29187964256081367,-1.1296977964626942,1.1296977964626942,5.303417637126807,01,1,TCGA-MK-A4N7
-0.338246488430214,0.14716199173139527,-3.070921454336477,3.070921454336477,6.085603028668092,01,1,TCGA-EM-A3FO
-0.2121300627353652,0.3194957540737732,-0.06419254386846693,0.06419254386846693,5.884992161939702,01,1,TCGA-ET-A40P
-0.37420369205319864,0.2335846228537436,-2.1911036099447525,2.1911036099447525,4.433108480026313,11,0,TCGA-ET-A3DW
-0.23142212363194425,0.31182405324034695,-0.28462989743739486,0.28462989743739486,5.6355791425607915,01,1,TCGA-EL-A3N2
-0.25890986080095496,0.39352550333810093,0.5883057524875361,-0.5883057524875361,4.599984794086578,01,1,TCGA-EM-A3AR
-0.16923927908687592,0.3211826512124782,0.2289469408335051,-0.2289469408335051,5.063619391972509,01,1,TCGA-ET-A3DP
-0.03604887855612008,0.4406917800500953,2.603546294249443,-2.603546294249443,5.504798605550037,01,1,TCGA-GE-A2C6
-0.3539526347130547,0.24743638392762538,-1.885401984663672,1.885401984663672,3.5194348148149364,11,0,TCGA-ET-A2N5
-0.29525819986704294,0.3020356928521397,-0.8141797458949964,0.8141797458949964,4.630274670756728,11,0,TCGA-EM-A3ST
-0.268610879077412,0.36796472834411165,0.19934880248547676,-0.19934880248547676,5.156794483888918,01,1,TCGA-DJ-A1QF
-0.3558578810551232,0.2520553109904062,-1.8382748605117472,1.8382748605117472,3.386446674443897,01,1,TCGA-EM-A3FR
-0.3399036258454432,0.32614615940594216,-0.7878514007071107,0.7878514007071107,3.988734558797088,01,1,TCGA-EM-A3O6
-0.19117183875049462,0.3983674996020531,1.0791728357203285,-1.0791728357203285,5.850816069924806,01,1,TCGA-FY-A3YR
-0.14260256620055337,0.46001971191948204,2.176675213246048,-2.176675213246048,5.799717154291956,01,1,TCGA-DJ-A3UQ
-0.06825512754147875,0.3660638395705511,1.4433560047666578,-1.4433560047666578,6.170954719018282,01,1,TCGA-DJ-A4V5
-0.09136612591387837,0.3558006074225791,1.165533890497081,-1.165533890497081,6.465845061944889,01,1,TCGA-EM-A2CU
-0.2661820474292269,0.17512355382592676,-2.2564041292715977,2.2564041292715977,6.06502597452902,01,1,TCGA-DJ-A3VI
0.006883280118817839,0.3623579010427774,1.871535750821671,-1.871535750821671,5.677193870807759,01,1,TCGA-EL-A3CN
-0.2610479316482259,0.3730023561238309,0.3117803411527856,-0.3117803411527856,6.255974266848967,01,1,TCGA-BJ-A2P4
0.061950214362928996,0.39849669055177644,2.683234817056194,-2.683234817056194,4.310902089818182,11,0,TCGA-EL-A3T1
-0.2834409686604394,0.3948766014041138,0.45032329973947083,-0.45032329973947083,6.052372324388428,01,1,TCGA-J8-A42S
-0.21686813118019005,0.3223800640832734,-0.0572267346569804,0.0572267346569804,5.822133053320052,01,1,TCGA-FE-A3PC
-0.35349373333741074,0.28215991525617584,-1.4375383825727526,1.4375383825727526,2.239509513561061,01,1,TCGA-FE-A239
-0.2944712505745018,0.3170870433362056,-0.6163250647783,0.6163250647783,5.180652528524808,01,1,TCGA-MK-A4N9
-0.260210977276166,0.3109964653891773,-0.47748468325934323,0.47748468325934323,5.671669641779762,01,1,TCGA-BJ-A45J
-0.23901499553387015,0.28409771948561663,-0.6879912487615026,0.6879912487615026,5.11817419410269,01,1,TCGA-ET-A25N
0.07338954101430303,0.34762771712438034,2.1038008755990947,-2.1038008755990947,5.569492243275243,01,1,TCGA-ET-A39R
-0.3209872495368524,0.2920849200848674,-1.1045716581718463,1.1045716581718463,5.318665751829717,01,1,TCGA-BJ-A291
-0.20055902319960792,0.2723465531797277,-0.5951263065883206,0.5951263065883206,5.950155668073312,01,1,TCGA-FE-A238
-0.31003485659787094,0.22529476892484754,-1.8911072576241905,1.8911072576241905,5.155834496438663,01,1,TCGA-CE-A483
-0.2577426150074238,0.31291638477575906,-0.4372560825690997,0.4372560825690997,6.08480015986735,01,1,TCGA-ET-A25G
-0.033618719110866294,0.5315589726667459,3.7833320087952313,-3.7833320087952313,5.106559141057615,01,1,TCGA-EL-A3H5
-0.42102779386330624,0.2324845193553609,-2.501623872173449,2.501623872173449,3.4368033375890157,11,0,TCGA-EM-A1CV
-0.12998372404153188,0.3142174202522433,0.38820221049971276,-0.38820221049971276,5.957988509398223,01,1,TCGA-DJ-A3V3
-0.17474815297188995,0.392589243514148,1.1090996715100623,-1.1090996715100623,5.648365701556211,01,1,TCGA-EL-A4K0
-0.2958695689542026,0.1681840094337927,-2.5332685700050206,2.5332685700050206,5.643025304425748,01,1,TCGA-H2-A422
-0.21159411401660755,0.37388208310476084,0.6361242238753203,-0.6361242238753203,5.441654831931998,01,1,TCGA-EM-A3AK
-0.19778224907953232,0.2619373980514944,-0.7109340087049824,0.7109340087049824,6.023347197574072,01,1,TCGA-J8-A3NZ
0.09670491638253062,0.3471967865184647,2.2458783722835083,-2.2458783722835083,5.157520940872669,06,0,TCGA-EM-A2P1
-0.22696166907966223,0.2940775647643303,-0.48380189408517604,0.48380189408517604,5.928723907940874,01,1,TCGA-BJ-A3EZ
-0.10587482374497371,0.3503337484084374,1.0036314963233814,-1.0036314963233814,5.222700480837244,01,1,TCGA-FY-A40K
-0.18016005348548056,0.3853573557310277,0.9821675293809562,-0.9821675293809562,6.073843203646649,01,1,TCGA-DJ-A3V6
-0.23286181828667424,0.4625839397988049,1.6381416789638164,-1.6381416789638164,4.974274485288083,01,1,TCGA-DJ-A1QM
-0.2555039044788444,0.3150597788114308,-0.39561763193291616,0.39561763193291616,4.9798913542041205,01,1,TCGA-DJ-A3VK
-0.26536329747187726,0.28289069178680065,-0.8702582191310396,0.8702582191310396,6.452756161541678,01,1,TCGA-L6-A4EP
-0.3680954130637923,0.3619523662968851,-0.5074891915172357,0.5074891915172357,5.3186914086334465,01,1,TCGA-EL-A4KI
-0.07234809962782623,0.2514480736581568,-0.0512781134192577,0.0512781134192577,6.697027496746832,01,1,TCGA-IM-A3EB
-0.2644100226777472,0.21117803601904256,-1.783172477413352,1.783172477413352,4.166242436835777,01,1,TCGA-EM-A22J
-0.13666431369504223,0.4183765318283692,1.6806386275736245,-1.6806386275736245,6.5306596106126875,01,1,TCGA-DE-A4MB
-0.2816450990344814,0.3214071440417643,-0.4797690747910121,0.4797690747910121,3.9274953147251517,01,1,TCGA-EM-A2OW
0.05725639486867406,0.33199828124838526,1.8013882725520776,-1.8013882725520776,5.526822500800016,01,1,TCGA-ET-A3DO
-0.23581809378197507,0.26466562383781134,-0.9167621652125562,0.9167621652125562,4.10472516765293,01,1,TCGA-DJ-A13W
-0.2411467638828427,0.3140388671252874,-0.3178110610557389,0.3178110610557389,5.6311169487205515,01,1,TCGA-EM-A3FJ
-0.3176377272233375,0.29552903681119574,-1.0392332586856687,1.0392332586856687,7.074542867694978,01,1,TCGA-FK-A3SH
-0.3343908627246359,0.3072807345758947,-0.9947000961421285,0.9947000961421285,5.372061354805354,01,1,TCGA-J8-A3YD
0.2684069874743526,0.4633905973155557,4.821794941461752,-4.821794941461752,5.312057197220713,01,1,TCGA-EL-A3CY
-0.08973662620274953,0.28835341782963336,0.3115595754389822,-0.3115595754389822,5.251509144859384,01,1,TCGA-EM-A3AO
-0.07066469654803295,0.4341084674745732,2.300047804363036,-2.300047804363036,6.178069839495398,01,1,TCGA-DE-A7U5
-0.35924793955241346,0.2319808084292799,-2.1169769885375067,2.1169769885375067,4.938959872122638,01,1,TCGA-EL-A3T2
-0.2334736543037259,0.27691826653425883,-0.744911227335687,0.744911227335687,5.737457853736157,01,1,TCGA-E8-A415
-0.23540350800276935,0.3646054533944119,0.3665235092276341,-0.3665235092276341,5.466148693069041,01,1,TCGA-ET-A3BQ
-0.2423491844198005,0.15814772758303772,-2.3230622542146575,2.3230622542146575,2.3404182227367594,11,0,TCGA-EM-A1CW
-0.12946858450458315,0.33616511462220655,0.6727081493668576,-0.6727081493668576,5.93477450720021,01,1,TCGA-EM-A4FQ
0.05050786126955851,0.34602739811244937,1.9384398330167052,-1.9384398330167052,5.394631077421935,01,1,TCGA-DJ-A2PX
-0.21723449074148457,0.2609967299613224,-0.8461317796946077,0.8461317796946077,6.154644505174457,01,1,TCGA-DJ-A4V2
0.04327990062973097,0.26775797722070754,0.88971320712674,-0.88971320712674,3.005935902262113,11,0,TCGA-EL-A3N3
-0.06474232584057865,0.4890695390745785,3.04182862136511,-3.04182862136511,5.470464794584544,01,1,TCGA-FY-A3TY
-0.25425074344534415,0.39167721442118947,0.5941160454050989,-0.5941160454050989,5.429256783152366,01,1,TCGA-DJ-A1QQ
-0.22622018387957252,0.33093077820507305,-0.006858944379142223,0.006858944379142223,6.598141381012386,01,1,TCGA-EM-A2CR
-0.3481906526559643,0.12568082244371034,-3.4091402771325194,3.4091402771325194,5.572892655740016,01,1,TCGA-ET-A25O
-0.18019538246820718,0.2993856704694041,-0.1197249416042487,0.1197249416042487,5.872780922173589,01,1,TCGA-FE-A234
-0.374880975427434,0.3546654677804986,-0.6438223192587116,0.6438223192587116,4.467061667569461,11,0,TCGA-EL-A3MX
-0.21801166278252368,0.3740325690301602,0.5974258670776569,-0.5974258670776569,5.58202173699366,01,1,TCGA-DJ-A3V4
-0.30907899357452734,0.282845531594874,-1.1475821234775956,1.1475821234775956,6.552652485005714,01,1,TCGA-DO-A1JZ
-0.24422867662668804,0.20144346163434093,-1.7801550507818886,1.7801550507818886,5.662889723985754,01,1,TCGA-EM-A2OZ
-0.21055554513271152,0.35918882162583765,0.4544147782092298,-0.4544147782092298,6.3944084894357935,01,1,TCGA-DJ-A2PZ
-0.1541772307563163,0.23349034128733226,-0.7994191871354082,0.7994191871354082,5.401966281512393,01,1,TCGA-E3-A3DY
-0.2712628483139798,0.2846373389530376,-0.8852236312350179,0.8852236312350179,6.160995657994651,01,1,TCGA-J8-A3O0
-0.17982308276692863,0.34029040239745134,0.40679831465493305,-0.40679831465493305,5.817136709183097,01,1,TCGA-FY-A3R8
-0.14508873752661483,0.33964770692805907,0.6184507588503104,-0.6184507588503104,5.188792796750139,01,1,TCGA-EL-A3GV
-0.12794571674239344,0.457444175108886,2.2364576453725165,-2.2364576453725165,6.101971794461504,01,1,TCGA-EL-A3MY
-0.2804306780451182,0.3638465627563313,0.0717512578858921,-0.0717512578858921,5.592219080107228,01,1,TCGA-EL-A3T8
-0.20126315105287362,0.33285626948465646,0.17580712496960024,-0.17580712496960024,2.6847436314850888,11,0,TCGA-EL-A3ZL
-0.1721850529787401,0.36854685967622053,0.8172387143636709,-0.8172387143636709,6.564812580703829,01,1,TCGA-EL-A3ZM
0.2011975350390453,0.33319821705668295,2.72799387845435,-2.72799387845435,4.935637689048662,01,1,TCGA-E8-A44M
-0.1627659539396007,0.3049828603718671,0.06233744012454648,-0.06233744012454648,6.733609402102243,01,1,TCGA-EL-A4KG
0.15679659213631655,0.35114689539396604,2.6769108050114903,-2.6769108050114903,6.073275270120842,06,0,TCGA-EM-A3SU
-0.3839418591015711,0.33942214601708653,-0.8965156901445424,0.8965156901445424,4.792020605258138,01,1,TCGA-EM-A3AL
-0.39757513083683305,0.2074060128741137,-2.6745192290640842,2.6745192290640842,5.540517117962826,01,1,TCGA-EM-A3OB
-0.1436195894630253,0.3145562099606511,0.30622079114259554,-0.30622079114259554,6.80736673973119,01,1,TCGA-DJ-A3VB
-0.2876637588163432,0.3373439098363628,-0.3136517713713019,0.3136517713713019,6.183246508349499,01,1,TCGA-KS-A4I5
-0.301554534438317,0.3252590680029395,-0.5564473264998036,0.5564473264998036,5.297908672174414,01,1,TCGA-EM-A3SX
-0.012048281052810349,0.26564412834956197,0.5123668258746523,-0.5123668258746523,6.39106454996004,01,1,TCGA-EM-A3SU
0.0339037569647519,0.3568897727132754,1.9725203747763724,-1.9725203747763724,5.28466115869733,01,1,TCGA-DJ-A4UP
-0.28669194994790315,0.30002271230249383,-0.7857454943234705,0.7857454943234705,5.4437042782550575,01,1,TCGA-EM-A2P0
0.06367099938377899,0.34754117419276187,2.041167993484542,-2.041167993484542,5.394004812712171,01,1,TCGA-EM-A3AJ
-0.22107363872042857,0.450838864684081,1.5622623877192545,-1.5622623877192545,5.6794882138994085,01,1,TCGA-EL-A3CM
-0.1969128073701108,0.37333659134224645,0.7220751338976461,-0.7220751338976461,4.0701727202397375,11,0,TCGA-EL-A3ZR
-0.20412660285694167,0.4464395301790938,1.6131722715965136,-1.6131722715965136,4.885336561185896,01,1,TCGA-DJ-A2Q6
-0.3233625674389275,0.24134332614081566,-1.7698278711220388,1.7698278711220388,6.617523250213317,01,1,TCGA-EM-A3ST
-0.016918638968070564,0.3098312810026442,1.047763073765764,-1.047763073765764,6.084135839496382,01,1,TCGA-IM-A420
-0.4376263662928911,0.2557350724804901,-2.3087622075701004,2.3087622075701004,5.315404644831824,01,1,TCGA-EM-A2CL
-0.26004358327428695,0.4723902435685292,1.5917267843819713,-1.5917267843819713,5.962752524904882,01,1,TCGA-EL-A3GU
0.024355947498887264,0.2701002848546413,0.7999289093949448,-0.7999289093949448,7.533342292755117,01,1,TCGA-EM-A3O3
0.1287744196047394,0.43616245009876053,3.58893117734225,-3.58893117734225,5.333524294362688,01,1,TCGA-DJ-A3VD
-0.17995898565482785,0.13388832203335718,-2.238964652583521,2.238964652583521,5.9525673004599975,01,1,TCGA-ET-A3DW
0.012122578380948629,0.38027995344837,2.1343624293890646,-2.1343624293890646,5.854651754621295,01,1,TCGA-ET-A3DQ
-0.30676880745788665,0.2955279297426884,-0.9704410043133103,0.9704410043133103,5.722475475356487,01,1,TCGA-DJ-A2PN
-0.3848505714005009,0.2416737747188061,-2.154847415579929,2.154847415579929,5.509631937450434,01,1,TCGA-EL-A3ZR
-0.18716012379894476,0.2956593250811481,-0.2115663014133475,0.2115663014133475,6.164763168078774,01,1,TCGA-DJ-A2QC
0.030293908661408662,0.3095057464245051,1.3424738341335987,-1.3424738341335987,3.5571560218478884,11,0,TCGA-EL-A3ZK
-0.05377654089894949,0.433502993772503,2.399200695225624,-2.399200695225624,5.764526930567594,01,1,TCGA-EL-A3H7
-0.06957637549982537,0.32875477613767895,0.9569014188526225,-0.9569014188526225,5.842870292221507,01,1,TCGA-EM-A4FV
-0.3746796274323163,0.2829187610691123,-1.561933041362495,1.561933041362495,4.766358766762654,01,1,TCGA-EM-A2CT
0.19915424918921665,0.3128355143617581,2.4541244976957852,-2.4541244976957852,3.187874057210767,11,0,TCGA-GE-A2C6
-0.12963586055786622,0.31337489632071325,0.3796080115337903,-0.3796080115337903,5.007758800553036,01,1,TCGA-EL-A4K2
-0.2993478922547813,0.3204696635801841,-0.6038509953489047,0.6038509953489047,5.503224586798408,01,1,TCGA-EL-A3H8
-0.27518111495283026,0.30268921221890494,-0.6787059779897902,0.6787059779897902,5.3017962962334,01,1,TCGA-DJ-A3UP
0.1161090643494935,0.3811613664530368,2.8039507077897543,-2.8039507077897543,5.699404867364601,01,1,TCGA-FY-A3R6
-0.14625493971344597,0.47033954458913485,2.2857952667543397,-2.2857952667543397,5.537096704762535,01,1,TCGA-CE-A485
0.14885570756840724,0.2512407650308451,1.3464112131103465,-1.3464112131103465,4.760650620493963,11,0,TCGA-BJ-A28W
-0.31453333641330816,0.19912380224987164,-2.254948374114873,2.254948374114873,6.048135890721269,01,1,TCGA-KS-A41F
-0.2405542505530299,0.32201637474675376,-0.21183376709115453,0.21183376709115453,6.080497716659876,01,1,TCGA-ET-A3BT
0.13413739727635304,0.3366592422276626,2.347815774552385,-2.347815774552385,6.882481932118578,01,1,TCGA-ET-A4KN
-0.23087302509618737,0.11638245200120928,-2.78560531250505,2.78560531250505,4.020182716514296,01,1,TCGA-EM-A3SY
-0.25827507922386417,0.42084579016098667,0.9424152206862879,-0.9424152206862879,5.797034216021177,01,1,TCGA-ET-A25M
0.0044465223029056585,0.41023870684589075,2.469669729884283,-2.469669729884283,6.6416649879674265,01,1,TCGA-E8-A242
-0.14949636499891553,0.42803512423107787,1.7231727569521957,-1.7231727569521957,5.125070113643529,01,1,TCGA-EL-A3CT
-0.14894500920283352,0.30367704078529123,0.13309868495879357,-0.13309868495879357,3.979823407452294,01,1,TCGA-FY-A3I5
0.08626606123439648,0.40506009851583924,2.921273570496684,-2.921273570496684,4.202435614563192,11,0,TCGA-EL-A3ZP
-0.12477164604332662,0.3457077807069445,0.8247252314435188,-0.8247252314435188,5.5737569661841,01,1,TCGA-ET-A40R
-0.055862299089609456,0.45210540110185865,2.6243738891721646,-2.6243738891721646,6.518692101502338,01,1,TCGA-EL-A3CR
-0.3206441716487128,0.1806037626278314,-2.53095517762993,2.53095517762993,5.003056820685442,01,1,TCGA-EM-A2CM
-0.19124958349745816,0.4547334698048714,1.8009723334769168,-1.8009723334769168,5.110422290563421,01,1,TCGA-DJ-A2PV
0.06384807090362873,0.34785465711396535,2.046306027814158,-2.046306027814158,5.79081757405963,01,1,TCGA-BJ-A0ZJ
-0.2520700374756139,0.34793188391522567,0.04735442278616653,-0.04735442278616653,6.09240078426058,01,1,TCGA-CE-A13K
-0.048368693016400496,0.4878897377139513,3.130364670971224,-3.130364670971224,5.3720592218452605,01,1,TCGA-EL-A3GP
-0.19543431983032652,0.23012247041265924,-1.1037569944406642,1.1037569944406642,5.311238534241736,01,1,TCGA-H2-A3RI
-0.2620307905195709,0.33781668635319495,-0.14532220033061582,0.14532220033061582,4.967007636345405,01,1,TCGA-DJ-A13X
-0.10656721489551359,0.33739123322217673,0.8333987155834262,-0.8333987155834262,5.027243797661337,01,1,TCGA-DJ-A3UX
-0.39132343259965563,0.21960084660236573,-2.47867390481398,2.47867390481398,3.461791223067087,01,1,TCGA-FY-A3WA
-0.28489894442746916,0.3044103144345172,-0.7181706056024888,0.7181706056024888,6.027404396297224,01,1,TCGA-EL-A3ZT
-0.3319666743390523,0.3106430062808389,-0.9362683748593401,0.9362683748593401,4.236413595684582,11,0,TCGA-EL-A3T7
-0.29589355832902525,0.245350645703059,-1.5445823469236801,1.5445823469236801,4.8140254884929226,01,1,TCGA-DJ-A2QB
-0.25567490863830117,0.33268081218055184,-0.1708985979795445,0.1708985979795445,5.70399649742039,01,1,TCGA-DE-A3KN
-0.20762892427425347,0.2509654815127607,-0.9138667266254767,0.9138667266254767,5.867104260893058,01,1,TCGA-E3-A3E1
-0.30556984704323925,0.3037763136580042,-0.857153459630963,0.857153459630963,4.882104677733441,01,1,TCGA-BJ-A45F
-0.15465921686701153,0.45578381009493557,2.04606955275666,-2.04606955275666,6.106293131757601,01,1,TCGA-FY-A3I4
-0.3101329265971792,0.25683379785273264,-1.4875768386679291,1.4875768386679291,4.923984482453379,01,1,TCGA-EM-A22K
-0.05512056959321356,0.35036732914419333,1.3253650914125434,-1.3253650914125434,5.894193063033177,01,1,TCGA-EL-A3N3
-0.323166930383633,0.27793087513954723,-1.2997447600497223,1.2997447600497223,5.617369961355976,01,1,TCGA-BJ-A45G
0.15324783164783742,0.38777339356534324,3.1237888582988376,-3.1237888582988376,5.944411205242016,01,1,TCGA-CE-A27D
-0.29189494975118785,0.19487818459174075,-2.1660392272525826,2.1660392272525826,4.0992626343284915,01,1,TCGA-EM-A3FL
-0.14861164217207157,0.2754886739094064,-0.22600570911792323,0.22600570911792323,5.126425051596092,01,1,TCGA-ET-A25I
-0.30918221487448655,0.34115845870859424,-0.400994974899454,0.400994974899454,4.901416801144828,01,1,TCGA-BJ-A18Y
0.23656140175464974,0.2978180062336936,2.498493860140961,-2.498493860140961,3.797745527456164,11,0,TCGA-KS-A41I
-0.21371490907183766,0.3037227353785018,-0.27634605535389406,0.27634605535389406,6.052734183309293,01,1,TCGA-KS-A4I7
-0.21682525599021876,0.2926118877435169,-0.4384142936650218,0.4384142936650218,5.608547418183275,01,1,TCGA-DE-A69K
-0.21370572218498615,0.24740186642242126,-0.9980016214600242,0.9980016214600242,5.659973746177238,01,1,TCGA-J8-A4HY
-0.05406770334179827,0.242597281978898,-0.048969703661108865,0.048969703661108865,6.5993802960623675,01,1,TCGA-ET-A40S
-0.22133917005884704,0.35262702721089084,0.30206335879999624,-0.30206335879999624,7.11977403167516,01,1,TCGA-EL-A3D1
-0.3456690507898767,0.10899672793423615,-3.606972455560287,3.606972455560287,5.066422706604924,01,1,TCGA-BJ-A4O9
-0.11326590122182999,0.44168562783887033,2.12745413081217,-2.12745413081217,6.080968987538877,01,1,TCGA-BJ-A4O8
-0.2859302617833206,0.29502578019226094,-0.844955870032972,0.844955870032972,6.131491047643664,01,1,TCGA-KS-A4I3
-0.26662911832276814,0.35971693040525987,0.10620453982083528,-0.10620453982083528,5.2133494310628175,01,1,TCGA-EL-A3ZN
-0.2498284009285061,0.2992797058933603,-0.5618993964669565,0.5618993964669565,5.994828190756926,01,1,TCGA-EL-A3TB
-0.13795060602452186,0.3857056951236806,1.2538410593405007,-1.2538410593405007,7.236304204369494,01,1,TCGA-L6-A4EU
-0.3361827884451575,0.3395098997835618,-0.5930491186001772,0.5930491186001772,5.576009690867449,01,1,TCGA-EM-A2P2
-0.2653252679630348,0.1911192422552804,-2.0460063333846223,2.0460063333846223,5.101172879497705,01,1,TCGA-EL-A3H2
-0.27555986269688293,0.05630497546593652,-3.838350499121721,3.838350499121721,6.66489180988405,01,1,TCGA-DE-A4MD
-0.24184984723827832,0.3038001941771376,-0.45346362569309934,0.45346362569309934,6.944988366877822,01,1,TCGA-EM-A22Q
-0.393776283248345,0.19375194088851386,-2.825438033100811,2.825438033100811,4.684769080215525,01,1,TCGA-FY-A3NM
-0.07103981096198297,0.2995074561079992,0.5728524773677783,-0.5728524773677783,6.398003777922499,01,1,TCGA-EM-A3FP
-0.25944958807707336,0.2524042949572021,-1.2234835685598033,1.2234835685598033,5.627467984184248,01,1,TCGA-E3-A3E3
0.2180046534208608,0.3747836506142861,3.367281609118219,-3.367281609118219,5.867541605896132,01,1,TCGA-DO-A2HM
-0.39036507120518,0.2412743831966497,-2.194875265523815,2.194875265523815,5.968339835496469,01,1,TCGA-EM-A3FK
-0.35107507638179924,0.2921183537236011,-1.2946162765476934,1.2946162765476934,5.103474902028652,01,1,TCGA-EL-A4JV
-0.3451302787369965,0.21070789236641216,-2.3002021567583184,2.3002021567583184,5.760124594984985,01,1,TCGA-FY-A3NP
0.2651800719251252,0.35681998670082715,3.4357366603165036,-3.4357366603165036,3.9760398528114678,11,0,TCGA-BJ-A28X
-0.315784108968498,0.30584803376288167,-0.8952678564886434,0.8952678564886434,4.764381103640831,01,1,TCGA-DJ-A3VM
0.0708358845074809,0.41868600528375643,2.998198530940374,-2.998198530940374,5.949847393231654,01,1,TCGA-DJ-A13L
-0.2712892087184054,0.3574131588823452,0.047182249469440773,-0.047182249469440773,4.969364326262832,01,1,TCGA-ET-A2MZ
-0.181422658100999,0.230520690413302,-1.0099522914370356,1.0099522914370356,6.079039424013831,01,1,TCGA-BJ-A0Z9
-0.33023522208089745,0.22979188203597434,-1.9613596008946947,1.9613596008946947,6.711955198299986,01,1,TCGA-FY-A40M
-0.07340975265491556,0.3678407035764794,1.4334936042883282,-1.4334936042883282,3.667329650690967,11,0,TCGA-EL-A3T0
-0.15205800271171666,0.38760097349249856,1.18881992519379,-1.18881992519379,6.172705332967167,01,1,TCGA-DJ-A3VJ
-0.25990067596003263,0.38613684408351284,0.48735267383608055,-0.48735267383608055,5.861397513761939,01,1,TCGA-EL-A3D4
-0.14128831202302108,0.4325045487103217,1.8324070406559443,-1.8324070406559443,5.677477554697534,01,1,TCGA-DJ-A3UY
-0.3022993244782715,0.261866442469556,-1.3734957578088973,1.3734957578088973,4.473843033024921,01,1,TCGA-BJ-A0ZC
-0.2973092985525396,0.369318188157899,0.035015162439422376,-0.035015162439422376,5.271185629854005,01,1,TCGA-FK-A3SB
-0.3413066972822433,0.25426315649719017,-1.7178655531674956,1.7178655531674956,5.534363185865671,01,1,TCGA-ET-A3BN
0.03303578848118123,0.328303350200355,1.6007100310534805,-1.6007100310534805,3.735930122092233,11,0,TCGA-EL-A3T6
-0.12628476675488856,0.3020001982928294,0.2550633023113062,-0.2550633023113062,3.772287156793547,11,0,TCGA-EL-A3H1
-0.3560412421884141,0.21134554853911827,-2.361103626664756,2.361103626664756,5.733524864443349,01,1,TCGA-L6-A4ET
-0.02328368604884243,0.37769116126232954,1.877047032887082,-1.877047032887082,5.656032111733919,01,1,TCGA-DJ-A2Q3
-0.18814750787765694,0.33990847728264506,0.34920586034253065,-0.34920586034253065,5.956243198459992,01,1,TCGA-DJ-A2Q7
-0.1657064363733271,0.4450777844790891,1.8389439186585808,-1.8389439186585808,6.188427350598989,01,1,TCGA-EL-A4K4
-0.0415206872745958,0.40324834803046955,2.089094457003906,-2.089094457003906,6.918291311621575,01,1,TCGA-DJ-A2PT
-0.1659788913185705,0.4003435164669276,1.263979829725104,-1.263979829725104,5.631602100134154,01,1,TCGA-DJ-A2PY
-0.197846043966679,0.3880099300358296,0.9041960958427706,-0.9041960958427706,6.035951306955429,01,1,TCGA-CE-A3MD
-0.3001834046053441,0.3040542861438438,-0.819492188187485,0.819492188187485,5.663542433060436,01,1,TCGA-FE-A236
-0.1746527601054848,0.3644864120269449,0.7495848436670163,-0.7495848436670163,5.370867516209387,01,1,TCGA-BJ-A45H
-0.013219809752259188,0.45903010624631907,2.9830604856987426,-2.9830604856987426,6.066131995336578,01,1,TCGA-EL-A4JZ
-0.3276560847296423,0.3365673899991189,-0.5767765034754686,0.5767765034754686,4.219201114610453,11,0,TCGA-EL-A3N2
-0.103173775977064,0.22772987841072775,-0.5503547482892184,0.5503547482892184,4.982968579267923,01,1,TCGA-IM-A41Z
-0.2521357017004126,0.29919286358347824,-0.5776187472526656,0.5776187472526656,6.078815380430366,01,1,TCGA-EL-A3T3
0.16545717812553262,0.39199730317439735,3.2552074979700976,-3.2552074979700976,4.909270556500211,01,1,TCGA-DE-A4M8
-0.29898276628121345,0.28282763714176373,-1.083896570645815,1.083896570645815,5.018637807539289,01,1,TCGA-DJ-A2PQ
-0.2848696096700918,0.31166966195558277,-0.6249612865932247,0.6249612865932247,5.801955072611963,01,1,TCGA-DJ-A3UO
-0.07771635521419513,0.37531733498101305,1.5020383208078059,-1.5020383208078059,5.61787416783048,01,1,TCGA-EL-A3D6
0.26502979634476764,0.3160140536305112,2.9118849832863973,-2.9118849832863973,3.6388847919490517,11,0,TCGA-E8-A2JQ
-0.3760336480856978,0.2936218588452888,-1.433351825412007,1.433351825412007,5.206199943213304,01,1,TCGA-DJ-A3UT
-0.08259219959685134,0.34465645625949437,1.0782730954292408,-1.0782730954292408,6.097439188656413,01,1,TCGA-ET-A39O
0.10601231130224537,0.34991340854743885,2.3396111412307024,-2.3396111412307024,5.42648061706418,01,1,TCGA-DJ-A2Q5
-0.4026555283001828,0.2385836415568918,-2.3071608741747927,2.3071608741747927,4.981720050581595,01,1,TCGA-EM-A22L
-0.32086055209128056,0.16065402346874857,-2.7879673610973414,2.7879673610973414,5.516758023359301,01,1,TCGA-BJ-A0ZE
-0.25530373970677905,0.29797308790506094,-0.6133048265005361,0.6133048265005361,4.386890857192867,01,1,TCGA-EM-A22N
-0.2512121308995928,0.2499270935578201,-1.2030794371847675,1.2030794371847675,4.886281934201158,01,1,TCGA-QD-A8IV
-0.18506149161823973,0.4416273220998512,1.6722000819116807,-1.6722000819116807,6.401756384830407,01,1,TCGA-EM-A4FM
-0.17007215447430712,0.20005629613605516,-1.3284776949759396,1.3284776949759396,3.183556688149286,11,0,TCGA-EM-A1CU
-0.2892218063426092,0.3108967512140648,-0.6624174923620956,0.6624174923620956,6.413391034023484,01,1,TCGA-FK-A4UB
-0.23773651566437734,0.15505142224242424,-2.3335384910835235,2.3335384910835235,5.292620148733981,01,1,TCGA-EM-A22O
-0.3714074576887395,0.31527326075218826,-1.1266173845090015,1.1266173845090015,5.240733671615521,01,1,TCGA-DE-A4M9
-0.26804366005050206,0.3268752807464078,-0.32359377212656737,0.32359377212656737,5.012416667555296,01,1,TCGA-ET-A39L
0.0755463202556189,0.32915444973636054,1.8807321260082912,-1.8807321260082912,5.598531878114118,01,1,TCGA-BJ-A0Z3
-0.3615060697330962,0.3435440057285072,-0.7016655538122936,0.7016655538122936,5.076594682258017,01,1,TCGA-ET-A4KQ
-0.2791622372056309,0.2927476599027005,-0.8313029929798752,0.8313029929798752,5.268247714479814,01,1,TCGA-DO-A1K0
-0.3610834376355937,0.2833979566659309,-1.4697208645466207,1.4697208645466207,4.911510564991307,01,1,TCGA-EL-A3H1
-0.311978191172557,0.3944564098891375,0.26428198967393757,-0.26428198967393757,5.064425092598715,01,1,TCGA-ET-A25K
-0.2867862452417694,0.38808738789193165,0.34214663234886955,-0.34214663234886955,4.621085363291799,11,0,TCGA-EL-A3ZO
-0.05320678086365806,0.35289917304089785,1.3699243237767615,-1.3699243237767615,3.524879081944177,11,0,TCGA-EL-A3H7
-0.3813757216911461,0.26573347192518404,-1.82454094538975,1.82454094538975,5.204196681011282,01,1,TCGA-EM-A2CJ
-0.2982375228756092,0.2629117120115508,-1.334387824667257,1.334387824667257,6.474238630267207,01,1,TCGA-EL-A3CL
-0.32871845404157785,0.2236299220345271,-2.030718933764735,2.030718933764735,5.220473872169903,01,1,TCGA-EL-A3ZH
-0.26605162765603024,0.31264284783911084,-0.49336204626858404,0.49336204626858404,4.641422535152392,11,0,TCGA-KS-A41L
-0.1773655747367,0.0754313501580898,-2.971633321186563,2.971633321186563,6.394027481780155,01,1,TCGA-FE-A231
-0.1718517036704505,0.47074969774757736,2.129009034523098,-2.129009034523098,6.57179215106156,01,1,TCGA-EL-A3T9
0.3117965548150351,0.36033233411286286,3.7758538459035167,-3.7758538459035167,5.692797144453615,01,1,TCGA-BJ-A3PR
-0.13170385047130784,0.34534376334864725,0.7761758012301508,-0.7761758012301508,6.048926916753308,01,1,TCGA-FE-A232
-0.288372898067245,0.27769257037015904,-1.0825324702744397,1.0825324702744397,4.107874035725135,11,0,TCGA-EM-A1CS
-0.3404023420667236,0.26102769608544535,-1.6254574851931336,1.6254574851931336,4.178051617050287,11,0,TCGA-EL-A3H2
-0.13389448961715467,0.24838563357360233,-0.48014484090089865,0.48014484090089865,4.9009869338919065,01,1,TCGA-DJ-A2PR
-0.37535500862835025,0.2307966219741802,-2.23411843807723,2.23411843807723,5.3969495688654705,01,1,TCGA-ET-A39I
-0.29938421350379624,0.3270299595990699,-0.5200151869064537,0.5200151869064537,5.901240721932774,01,1,TCGA-EM-A3AP
-0.22676950983482727,0.26905368663725127,-0.803249437375428,0.803249437375428,5.211952215826496,01,1,TCGA-DJ-A1QG
-0.17014207096012468,0.2343784201724964,-0.889105572672303,0.889105572672303,7.048697091135784,01,1,TCGA-DE-A4MA
-0.4139183227710304,0.24234659618081178,-2.3302410551692168,2.3302410551692168,4.783282658891179,01,1,TCGA-KS-A41L
-0.35507824811372224,0.2985582600411287,-1.2374355990170152,1.2374355990170152,5.3181524577984005,01,1,TCGA-EM-A1YA
-0.10841818257813639,0.22238155233054066,-0.6520899934324451,0.6520899934324451,6.242068713998948,01,1,TCGA-EL-A3ZQ
-0.3105874441771727,0.16609974480542516,-2.653149523873962,2.653149523873962,6.4985398607092835,01,1,TCGA-KS-A4IB
-0.22538651468659063,0.3338438107661787,0.03574719142332755,-0.03574719142332755,6.296706650816212,01,1,TCGA-FE-A3PA
-0.28975596999605213,0.4403399978702096,0.9929283321378847,-0.9929283321378847,5.1154023873864505,01,1,TCGA-EL-A3ZL
-0.22404566409943252,0.21622661432742044,-1.4629490361575852,1.4629490361575852,5.013480259771848,01,1,TCGA-EM-A4G1
-0.31494506999870525,0.40839132374601395,0.4240664269614769,-0.4240664269614769,5.210402286428516,01,1,TCGA-EM-A2CS
-0.3759134319240116,0.26907965263994665,-1.7470825104327987,1.7470825104327987,3.1386200714711774,11,0,TCGA-BJ-A2N8
-0.2523585226078158,0.276040600637378,-0.8757098720760751,0.8757098720760751,5.106863202213938,01,1,TCGA-DJ-A13P
-0.421941506724162,0.22745484683341852,-2.571860034942091,2.571860034942091,5.519037941388477,01,1,TCGA-EM-A2CN
0.07567534733246808,0.4404398795856287,3.3075962217688355,-3.3075962217688355,5.866814261272997,01,1,TCGA-DJ-A4UT
-0.16610309383774538,0.2548017431043201,-0.6018255244724157,0.6018255244724157,6.529917814730352,01,1,TCGA-EL-A3ZK
-0.37465385269616214,0.1923446751460419,-2.7224153330123473,2.7224153330123473,4.632916396909623,01,1,TCGA-BJ-A0Z0
-0.27902699057774927,0.30708879026116115,-0.6466749492549659,0.6466749492549659,5.946088298221229,01,1,TCGA-ET-A2N4
-0.22751373275189374,0.168281261958313,-2.099291043896952,2.099291043896952,5.989788630805097,01,1,TCGA-BJ-A191
-0.2812590718311321,0.3199298582096285,-0.49625571881354685,0.49625571881354685,5.322271017420886,01,1,TCGA-EM-A1CS
-0.14425313907468923,0.46205732003999783,2.1923367142942913,-2.1923367142942913,5.659476272995081,01,1,TCGA-E8-A414
-0.259696375489668,0.3553318094796263,0.09390039342744244,-0.09390039342744244,4.889003403918544,01,1,TCGA-DJ-A13V
-0.3346066573675212,0.3405333746645839,-0.5699561766895953,0.5699561766895953,4.9914729979862775,01,1,TCGA-EL-A3CP
-0.3752858939321929,0.2502328637376717,-1.984618651237897,1.984618651237897,6.793413551673591,01,1,TCGA-EL-A3MX
-0.330353455275161,0.35214468927678444,-0.39423987068809024,0.39423987068809024,5.641422792038518,01,1,TCGA-CE-A484
-0.1964274054846081,0.32602439801937433,0.11887434567462284,-0.11887434567462284,6.485114935853968,01,1,TCGA-BJ-A2NA
-0.3528863188714752,0.26454136632564584,-1.6594628548076378,1.6594628548076378,5.378669455459459,01,1,TCGA-H2-A2K9
-0.3188278946219819,0.22970471860293054,-1.8902616736832463,1.8902616736832463,4.72844637633033,01,1,TCGA-BJ-A0Z2
0.0013196353845200271,0.37357043990545896,1.979995795209627,-1.979995795209627,6.654735518872149,01,1,TCGA-DJ-A2Q1
-0.3124531598161277,0.35346588764901704,-0.2639905639976305,0.2639905639976305,5.45570044065436,01,1,TCGA-BJ-A0ZG
-0.31254010304742036,0.32413069059997335,-0.6404516115571857,0.6404516115571857,4.024378143919397,11,0,TCGA-FY-A3TY
-0.2821376394320445,0.35556917440991254,-0.04512389383750415,0.04512389383750415,6.060322559605847,01,1,TCGA-E8-A437
-0.40794560491328546,0.24738769137709293,-2.2278321410865436,2.2278321410865436,5.808237298332876,01,1,TCGA-FK-A3SD
-0.11693700667172059,0.3724470067146658,1.216967992220116,-1.216967992220116,6.13450236100995,01,1,TCGA-BJ-A3PT
-0.1967099281408752,0.260226963605157,-0.7260636645592102,0.7260636645592102,5.146629524470725,01,1,TCGA-E3-A3E0
0.07152777597956864,0.28007365302144815,1.2263553457059937,-1.2263553457059937,4.6065944761561575,01,1,TCGA-ET-A3BS
-0.35084788718691756,0.25724624385451994,-1.7400404685020279,1.7400404685020279,6.059399037574241,01,1,TCGA-EL-A3GW
-0.2919099808572382,0.3606879025399516,-0.04139534213874263,0.04139534213874263,5.915807356652161,01,1,TCGA-BJ-A3F0
-0.15725680153342209,0.3440416688266701,0.5977256371933485,-0.5977256371933485,6.071289026118277,01,1,TCGA-DJ-A1QO
-0.20331078996553315,0.37958377412399663,0.7616256759426285,-0.7616256759426285,5.94194719527035,01,1,TCGA-FE-A235
-0.2507323471485155,0.32469498401891317,-0.24194234392283942,0.24194234392283942,5.496835627374748,01,1,TCGA-DJ-A1QI
-0.21949821923626114,0.41554130231497427,1.1199213747802594,-1.1199213747802594,6.344011268202992,01,1,TCGA-EL-A3MZ
-0.24431387908420066,0.26181492959214125,-1.0070750284048255,1.0070750284048255,5.343020204395362,01,1,TCGA-BJ-A0ZA
-0.46844102733325405,0.24765776838683815,-2.607341700826751,2.607341700826751,5.558566944697144,01,1,TCGA-BJ-A45C
-0.3929911611137331,0.33998987165052075,-0.9465278972689366,0.9465278972689366,3.8432790275864663,11,0,TCGA-EL-A3T2
-0.37392836112526595,0.3400956683690489,-0.824493823658387,0.824493823658387,3.7237096994522845,11,0,TCGA-EL-A3ZM
-0.048372460793573345,0.34186317450754933,1.259109484214756,-1.259109484214756,5.801993450687735,01,1,TCGA-ET-A3BO
-0.322189574669626,0.3536839288014542,-0.32283355538425945,0.32283355538425945,6.260654887530147,01,1,TCGA-BJ-A0YZ
0.01456251527179842,0.28692019903657273,0.9534667048188696,-0.9534667048188696,5.910456865963408,01,1,TCGA-EL-A3H3
-0.3758578844455641,0.2673376350435702,-1.7690536369291,1.7690536369291,4.3732468911323465,01,1,TCGA-FY-A3W9
-0.31598889919879464,0.262379919291681,-1.4535786907162733,1.4535786907162733,5.540477272464194,01,1,TCGA-FE-A233
-0.22071820457788704,0.2935046574058333,-0.4516186337100526,0.4516186337100526,5.951543120232154,01,1,TCGA-DJ-A2Q4
0.1820402000899283,0.4320237337344159,3.8730990052251366,-3.8730990052251366,5.720191186819013,01,1,TCGA-EM-A4FO
-0.19260430586821,0.4588355013112902,1.8449609214574971,-1.8449609214574971,6.305998473586604,01,1,TCGA-DJ-A3V0
-0.014674779088440946,0.3638613074421711,1.7543261140705768,-1.7543261140705768,6.085822620170449,01,1,TCGA-H2-A421
-0.37994602695443963,0.3252354754173755,-1.0530123598404293,1.0530123598404293,4.558757458138594,11,0,TCGA-EL-A3T3
0.15616002938639847,0.43098229771473134,3.6959175167066163,-3.6959175167066163,5.432890609835391,01,1,TCGA-BJ-A28X
-0.16902589205342944,0.28080979647742144,-0.2870529400813005,0.2870529400813005,6.579245644180655,01,1,TCGA-EM-A4FN
-0.2392689486094796,0.3931274114040509,0.7075426137636136,-0.7075426137636136,6.097356899912125,01,1,TCGA-EL-A4JW
-0.24351386761458135,0.23735330192516915,-1.315469663387236,1.315469663387236,5.966561926666889,01,1,TCGA-DJ-A3VA
-0.14634525680548388,0.25648757977701653,-0.4551443312493982,0.4551443312493982,5.465334639645298,01,1,TCGA-EM-A1CT
-0.29186436138995203,0.18368686147172383,-2.309254798476753,2.309254798476753,6.09012937534901,01,1,TCGA-ET-A2MX
-0.060190781879468955,0.30036112443165736,0.6524721791313216,-0.6524721791313216,6.067725186866966,01,1,TCGA-DE-A4MC
-0.2688391452032856,0.22245263114765582,-1.6667350535636543,1.6667350535636543,3.829839467046681,01,1,TCGA-ET-A3DS
-0.2535115184572438,0.3504071982559851,0.06994850262226365,-0.06994850262226365,5.87204952135207,01,1,TCGA-CE-A482
-0.20685088852408562,0.31358945185455045,-0.1064576258516776,0.1064576258516776,5.259968255423997,01,1,TCGA-DJ-A3UN
-0.006433893156342475,0.46179033825032056,3.0613896957292455,-3.0613896957292455,5.225608515542038,01,1,TCGA-EL-A3CO
-0.103367516808652,0.19029580211079805,-1.031273528219086,1.031273528219086,5.457539802094704,01,1,TCGA-E8-A417
-0.11070758200329077,0.244802625236545,-0.37927235570279805,0.37927235570279805,5.193473670513013,01,1,TCGA-EM-A1CW
-0.223660132121884,0.3826849165683661,0.6725418086552301,-0.6725418086552301,6.094181402638275,01,1,TCGA-EM-A2OX
0.15580236997016148,0.30031980220929744,2.0193020984119325,-2.0193020984119325,6.4109732700832,01,1,TCGA-EL-A4JX
-0.1442431524510338,0.3457209168640555,0.7016278579746635,-0.7016278579746635,5.760594087719727,01,1,TCGA-KS-A41I
-0.37331786790415655,0.27927671990613245,-1.599982615969318,1.599982615969318,4.395424464675613,01,1,TCGA-EM-A3FN
-0.21432888754187968,0.3794545277718912,0.6902186505792766,-0.6902186505792766,6.367448054680698,01,1,TCGA-E8-A3X7
-0.26725345139800133,0.2912020723231592,-0.7757192653177691,0.7757192653177691,5.526132822498826,01,1,TCGA-DJ-A3UR
-0.24498690156940647,0.18795326583626773,-1.9578227523124996,1.9578227523124996,5.989284391751088,01,1,TCGA-DJ-A3V7
-0.10533946715159401,0.4001052078512927,1.6448080928006705,-1.6448080928006705,5.519187117648453,01,1,TCGA-EL-A3TA
-0.25730312171660136,0.23946515632649212,-1.3757014991984176,1.3757014991984176,6.040869571519941,01,1,TCGA-ET-A2MY
0.3477536458472838,0.3663234378611488,4.080254602268444,-4.080254602268444,4.267010505855364,01,1,TCGA-BJ-A45E
-0.23308353477277524,0.3529528059752747,0.23188948775141177,-0.23188948775141177,5.262703632908526,01,1,TCGA-FY-A76V
-0.08461440299732934,0.2282057950821163,-0.42676481773901753,0.42676481773901753,6.250196022461415,01,1,TCGA-ET-A2N0
-0.38131809355052165,0.32548173804240876,-1.0585426329030743,1.0585426329030743,5.4162969948089215,01,1,TCGA-ET-A3DR
-0.24291066303389838,0.3503789105170683,0.1366954554738341,-0.1366954554738341,5.833307703309732,01,1,TCGA-DJ-A3UM
-0.418266937570753,0.23715099631717673,-2.4243483461377937,2.4243483461377937,4.771877647857701,01,1,TCGA-ET-A3DV
-0.052765588337682585,0.45397911670133684,2.6679882227700187,-2.6679882227700187,6.799165205224973,01,1,TCGA-4C-A93U
-0.2589398062411173,0.4380322368686137,1.1584397750679671,-1.1584397750679671,3.762508114907535,01,1,TCGA-EM-A1YD
-0.08063996682641493,0.3600488546023653,1.287874980306547,-1.287874980306547,6.039404934021736,06,0,TCGA-J8-A3YH
-0.220500493874725,0.40815129448391624,1.018878470017479,-1.018878470017479,5.514562100138046,01,1,TCGA-FE-A237
-0.3439332281450205,0.3132221152312757,-0.9789739316228756,0.9789739316228756,2.8150890953630654,11,0,TCGA-ET-A3DP
-0.28516639692173085,0.18939015962976746,-2.193768979395203,2.193768979395203,5.438883702845589,01,1,TCGA-EM-A3O7
-0.1880988319932183,0.3328341417605489,0.25886119628610094,-0.25886119628610094,5.918835680437543,01,1,TCGA-IM-A3U3
